Project_ID,Start_Date,Client,Client_Industry,Client_Country,Project_Type,Responsible_Team,Project_Status,Budgeted_Hours,Actual_Hours,Hourly_Rate_DKK,External_Costs_DKK,Revenue_DKK,Contribution_Margin_DKK,Customer_Satisfaction_1_to_5
P0001,2026-07-12,NorthSea Marine,Maritime,Denmark,Website,Web,Completed,236,265.7,1250,12315.81,312762.03,146288.72,
P0002,2025-05-12,Svea Style,Fashion,Sweden,Website,UX,Completed,221,175.9,1025,17137.69,229094.77,124325.7,
P0003,2025-08-21,Aurora Travel,Travel,Norway,Website,UX,Completed,313,414.3,975,30829.31,332558.01,26823.43,
P0004,2025-06-23,Aurora Travel,Travel,Norway,E-commerce,Web,Completed,267,285.4,1000,15388.56,301416.53,105133.64,4.0
P0005,2025-02-16,Oak & Form,Furniture,Germany,AI & Automation,Innovation,Completed,208,226.4,1175,11984.74,262288.97,117580.83,4.7
P0006,2026-08-25,NorthSea Marine,Maritime,Denmark,UX & Design,UX,In Progress,178,156.8,1300,22390.38,244013.65,123277.47,
P0007,2026-02-17,Medico North,Healthcare,Denmark,UX & Design,UX,Completed,81,68.2,1300,3669.11,103905.95,67854.78,
P0008,2026-02-28,Svea Style,Fashion,Sweden,Digital Marketing,Marketing,Completed,51,59.0,1025,2919.63,57949.62,17575.62,3.5
P0009,2026-02-19,Nexa Components,Manufacturing,Germany,Analytics & Dashboard,Dataflow,Completed,61,81.0,1150,1978.61,72950.84,17610.33,4.0
P0010,2025-04-11,EcoTransit,Transport,Sweden,Support & Optimization,Commerce,On Hold,73,87.3,1025,5331.36,77213.71,24323.65,
P0011,2025-09-06,NordHome,Retail,Denmark,Data & Integration,Dataflow,On Hold,139,153.2,1200,9390.57,178792.98,81148.5,
P0012,2025-03-07,Aurora Travel,Travel,Norway,Analytics & Dashboard,Dataflow,In Progress,90,90.2,1275,482.49,108731.84,61829.87,
P0013,2026-07-04,Medico North,Healthcare,Denmark,UX & Design,UX,Completed,164,134.1,1000,9002.98,168381.5,89017.58,4.1
P0014,2025-06-22,VitaCare,Healthcare,Norway,Analytics & Dashboard,Dataflow,Completed,86,97.9,1200,7163.23,117857.47,44902.86,4.0
P0015,2025-06-07,NorthSea Marine,Maritime,Denmark,Support & Optimization,Support,On Hold,43,37.0,875,2356.17,37545.61,14294.07,
P0016,2025-05-22,CloudCraft,Software,Denmark,Digital Marketing,Marketing,Completed,46,47.5,925,4189.18,45075.54,14921.23,
P0017,2026-03-27,Berg & Co.,B2B Services,Sweden,E-commerce,Web,Completed,618,723.9,1225,47415.04,801224.88,396741.14,3.7
P0018,2026-03-17,Luma Beauty,Beauty,Sweden,E-commerce,Commerce,Completed,606,588.0,1150,64070.27,800994.11,371506.45,
P0019,2025-03-10,Medico North,Healthcare,Denmark,UX & Design,UX,Completed,205,191.0,950,17928.1,220081.75,100659.98,4.3
P0020,2025-04-03,Peak Performance Lab,Sports,Norway,Digital Marketing,Marketing,Completed,155,124.2,925,4914.18,156465.94,69272.69,4.2
P0021,2025-04-22,Luma Beauty,Beauty,Sweden,UX & Design,UX,Completed,87,84.9,950,5809.57,84506.28,27799.01,4.5
P0022,2025-03-19,NorthSea Marine,Maritime,Denmark,Analytics & Dashboard,BI & Analytics,Completed,194,276.4,1200,10399.81,250988.66,69281.02,3.1
P0023,2025-11-27,Nexa Components,Manufacturing,Germany,Data & Integration,Dataflow,Completed,269,345.3,1150,30831.09,342682.28,96860.71,
P0024,2025-08-13,Aurora Travel,Travel,Norway,Website,UX,Completed,106,112.9,1075,4193.02,115064.67,34673.01,5
P0025,2026-01-30,Oak & Form,Furniture,Germany,E-commerce,Commerce,Completed,510,559.9,1250,9825.31,609920.92,273206.32,
P0026,2025-05-22,Harbor Hotels,Hospitality,Denmark,Data & Integration,Development,Completed,441,535.0,1325,14291.59,574959.45,278432.66,4.1
P0027,2026-09-23,Medico North,Healthcare,Denmark,E-commerce,Commerce,Completed,558,587.2,1200,43213.73,707026.0,383734.54,4.4
P0028,2025-09-18,Medico North,Healthcare,Denmark,Support & Optimization,Support,Completed,81,83.6,850,6875.15,77110.48,28031.05,4.2
P0029,2026-09-04,NorthSea Marine,Maritime,Denmark,Support & Optimization,Commerce,On Hold,37,32.2,1075,2723.12,40321.81,18033.84,
P0030,2026-03-27,Svea Style,Fashion,Sweden,E-commerce,Commerce,Completed,333,411.2,1325,11028.71,475781.06,188767.61,4.5
P0031,2025-01-16,UrbanNest,Real Estate,Denmark,Ecommerce,Commerce,Completed,272,306.3,1325,22884.56,386537.02,184312.53,3.5
P0032,2026-06-01,NorthSea Marine,Maritime,Denmark,Digital Marketing,Marketing,Completed,44,48.3,950,1766.8,45317.67,18573.26,3.9
P0033,2026-01-31,Baltic Tools,Manufacturing,Sweden,Data & Integration,Development,On Hold,262,305.3,1250,26608.87,362552.24,189012.03,
P0034,2026-08-30,GreenGrid,Energy,Denmark,UX & Design,UX,Completed,221,186.2,1125,10242.02,258850.98,154663.37,
P0035,2025-05-27,Svea Style,Fashion,Sweden,Website,UX,Completed,208,181.1,1200,19117.19,259553.54,139163.89,3.7
P0036,2026-08-29,PurePet,Pet Care,Denmark,AI & Automation,Innovation,Completed,98,123.1,1225,5257.58,126478.38,58869.67,4.1
P0037,2025-06-27,Hanse Werk,Manufacturing,Germany,Data & Integration,Dataflow,Completed,125,172.9,1425,917.03,169048.81,60860.61,3.5
P0038,2026-02-27,GreenGrid,Energy,Denmark,AI & Automation,Development,Completed,277,275.3,1250,18934.46,350518.9,175544.67,4.5
P0039,2025-03-28,Harbor Hotels,Hospitality,Denmark,UX & Design,UX,In Progress,171,181.4,1175,5301.6,219062.24,90901.21,
P0040,2025-10-29,Medico North,Healthcare,Denmark,Support & Optimization,Commerce,Completed,33,29.9,850,2987.1,31891.38,11426.67,4.4
P0041,2025-12-13,Oak & Form,Furniture,Germany,Analytics & Dashboard,BI & Analytics,Completed,202,222.2,1300,20013.32,277299.05,109247.75,4.8
P0042,2026-09-01,Arctic Outdoor,Retail,Norway,Data & Integration,Development,In Progress,394,516.3,1325,38817.63,598428.69,277506.06,
P0043,2025-08-05,Harbor Hotels,Hospitality,Denmark,Data & Integration,Development,In Progress,520,814.0,1100,50104.01,602293.08,38194.71,
P0044,2026-05-27,Luma Beauty,Beauty,Sweden,Support & Optimization,Web,In Progress,13,15.0,1150,635.9,16385.54,6487.67,
P0045,2025-08-23,Oak & Form,Furniture,Germany,UX & Design,UX,Completed,91,124.3,1175,4959.82,119832.51,53677.11,4.1
P0046,2026-08-20,PurePet,Pet Care,Denmark,AI & Automation,Innovation,In Progress,182,188.9,1250,9361.98,252358.8,139949.99,
P0047,2025-05-29,Scandi Foods,Food & Beverage,Norway,Support & Optimization,Commerce,Completed,69,76.6,1050,0,73733.15,26809.78,
P0048,2025-05-26,Aurora Travel,Travel,Norway,Analytics & Dashboard,BI & Analytics,Completed,131,115.6,1150,2002.25,156201.01,85850.05,
P0049,2025-07-28,Berg & Co.,B2B Services,Sweden,UX & Design,UX,Completed,109,92.4,1150,1761.44,130268.54,81716.66,3.6
P0050,2025-06-14,CloudCraft,Software,Denmark,Website,Web,Completed,337,289.9,1225,23326.54,445725.45,233123.05,
P0051,2026-01-19,Scandi Foods,Food & Beverage,Norway,Website,UX,Completed,299,362.0,1175,14694.17,372292.3,173448.68,
P0052,2025-07-05,Medico North,Healthcare,Denmark,E-commerce,Web,Completed,357,352.2,1150,35716.48,462030.86,251273.32,4.7
P0053,2025-06-14,Aurora Travel,Travel,Norway,Digital Marketing,Marketing,Completed,41,35.8,1200,4191.48,52416.76,28507.87,4.4
P0054,2026-04-28,Scandi Foods,Food & Beverage,Norway,Data & Integration,Dataflow,In Progress,390,461.7,1150,35899.48,499007.63,159571.82,
P0055,2025-07-01,Harbor Hotels,Hospitality,Denmark,Support & Optimization,Commerce,Completed,84,91.6,1100,6778.4,100559.32,44203.51,4.3
P0056,2025-01-09,CloudCraft,Software,Denmark,Analytics & Dashboard,Dataflow,On Hold,157,166.8,1200,6632.92,199175.03,80679.71,
P0057,2026-04-16,Peak Performance Lab,Sports,Norway,UX & Design,UX,Completed,154,136.7,1175,17727.23,200052.04,103180.04,4.3
P0058,2026-08-12,GreenGrid,Energy,Denmark,AI & Automation,Development,Completed,106,142.5,1225,3506.27,137126.23,45285.56,4.4
P0059,2026-03-09,Arctic Outdoor,Retail,Norway,E-commerce,Commerce,Completed,270,326.2,1225,2433.04,343842.11,177882.83,
P0060,2025-11-24,Aurora Travel,Travel,Norway,E-commerce,Web,Completed,367,314.0,1050,18474.24,427225.82,247079.7,
P0061,2026-08-31,CloudCraft,Software,Denmark,Data & Integration,Development,In Progress,316,478.2,1400,34695.21,497797.02,225018.23,
P0062,2025-11-24,Peak Performance Lab,Sports,Norway,Support & Optimization,Support,In Progress,64,69.2,1025,2923.44,72166.63,27721.98,
P0063,2025-05-16,Fjord Living,Furniture,Denmark,Data & Integration,Development,In Progress,447,554.8,1275,30609.41,572532.82,179445.31,
P0064,2026-08-12,NorthSea Marine,Maritime,Denmark,Support & Optimization,Commerce,Completed,12,14.5,900,1006.49,12400.94,4308.9,4.0
P0065,2025-12-02,Berg & Co.,B2B Services,Sweden,Data & Integration,Development,Completed,239,285.3,1200,8650.28,297856.88,123187.34,
P0066,2026-04-12,Medico North,Healthcare,Denmark,Support & Optimization,Support,Completed,42,49.9,875,912.82,36631.28,2363.17,5
P0067,2026-03-29,Nexa Components,Manufacturing,Germany,Website,UX,In Progress,319,328.8,1075,29709.57,367439.18,115668.63,
P0068,2026-09-15,Scandi Foods,Food & Beverage,Norway,UX & Design,UX,Completed,215,197.8,1025,10387.48,228983.14,111844.13,4.7
P0069,2025-09-27,Arctic Outdoor,Retail,Norway,Website,Web,Completed,103,117.8,1125,8901.54,123825.17,53228.29,4.6
P0070,2026-08-10,Kite Kids,Retail,Denmark,Analytics & Dashboard,Dataflow,Completed,212,174.3,1350,21374.89,294780.44,158065.54,4.6
P0071,2026-08-16,Loop Logistics,Logistics,Denmark,Data & Integration,Development,Completed,369,462.0,1350,361.56,533310.56,249135.54,4.4
P0072,2025-01-26,Luma Beauty,Beauty,Sweden,Analytics & Dashboard,BI & Analytics,Completed,90,73.1,1000,5535.62,91110.34,36781.75,
P0073,2025-12-05,UrbanNest,Real Estate,Denmark,Data & Integration,Dataflow,Completed,330,346.6,1275,14514.24,467834.94,271738.05,4.3
P0074,2025-04-19,Kite Kids,Retail,Denmark,Digital Marketing,Marketing,Completed,114,147.2,1050,7778.24,130398.43,47542.94,
P0075,2025-12-04,PurePet,Pet Care,Denmark,UX & Design,UX,On Hold,226,213.6,950,9077.56,238268.41,123836.03,
P0076,2026-03-27,VitaCare,Healthcare,Norway,Support & Optimization,Commerce,In Progress,45,38.2,975,2294.39,46091.68,18984.92,
P0077,2025-07-25,Kite Kids,Retail,Denmark,Data & Integration,Dataflow,In Progress,181,219.7,1250,11455.86,226475.4,107713.11,
P0078,2025-04-25,NordHome,Retail,Denmark,E-commerce,Web,Completed,616,816.2,1250,60879.64,800503.36,240881.92,3.8
P0079,2026-05-17,NordHome,Retail,Denmark,UX & Design,UX,On Hold,90,92.2,1125,5930.92,109170.59,49751.15,
P0080,2026-01-05,PurePet,Pet Care,Denmark,UX & Design,UX,Completed,107,96.0,1025,3244.59,116185.17,62449.1,4.3
P0081,2026-05-05,Loop Logistics,Logistics,Denmark,UX & Design,UX,Completed,222,186.5,1125,11068.99,273947.6,155915.74,5
P0082,2026-01-12,PurePet,Pet Care,Denmark,Digital Marketing,Marketing,In Progress,41,34.2,1025,4136.16,43954.59,19563.91,
P0083,2026-05-05,Aurora Travel,Travel,Norway,Analytics & Dashboard,BI & Analytics,On Hold,170,191.4,1400,6578.15,254473.93,130847.28,
P0084,2025-02-04,Scandi Foods,Food & Beverage,Norway,Analytics & Dashboard,Dataflow,In Progress,112,118.9,1125,8087.48,139397.21,71047.41,
P0085,2025-09-02,VitaCare,Healthcare,Norway,Support & Optimization,Support,Completed,69,62.5,900,4311.17,63709.57,22708.15,4.1
P0086,2025-05-22,Kite Kids,Retail,Denmark,Data & Integration,Development,Completed,386,453.6,1100,24592.44,446039.61,196761.48,3.3
P0087,2025-01-09,Oak & Form,Furniture,Germany,Data & Integration,Development,Completed,273,302.1,1200,26510.04,364700.51,160233.16,3.9
P0088,2026-07-23,Luma Beauty,Beauty,Sweden,Website,Web,Completed,288,141.9,1125,19388.26,358302.92,245391.91,5
P0089,2025-09-07,Scandi Foods,Food & Beverage,Norway,E-commerce,Commerce,Completed,218,211.7,1275,20331.36,314733.67,173131.24,4.1
P0090,2025-06-03,Scandi Foods,Food & Beverage,Norway,Digital Marketing,Marketing,Completed,86,94.2,925,1630.43,81173.95,32181.15,3.7
P0091,2025-07-29,CloudCraft,Software,Denmark,Digital Marketing,Marketing,Completed,166,149.7,1125,19520.61,210820.71,108805.05,4.1
P0092,2025-11-10,NordHome,Retail,Denmark,Support & Optimization,Support,Completed,64,68.1,975,2317.34,68415.1,22084.55,4.2
P0093,2025-12-14,Fjord Living,Furniture,Denmark,Digital Marketing,Marketing,Completed,143,103.8,1075,11671.5,157714.41,79816.72,5
P0094,2026-07-29,Svea Style,Fashion,Sweden,Support & Optimization,Commerce,Completed,37,45.5,950,2217.47,38045.14,14172.18,4.0
P0095,2026-02-02,Nexa Components,Manufacturing,Germany,UX & Design,UX,Completed,61,58.7,1050,3480.61,69708.23,36388.21,4.1
P0096,2026-07-19,Svea Style,Fashion,Sweden,Data & Integration,Dataflow,Completed,142,128.5,1400,14748.08,223582.29,127966.39,4.1
P0097,2025-10-26,NordHome,Retail,Denmark,E-commerce,Commerce,On Hold,196,148.9,1025,13095.31,224498.7,132955.69,
P0098,2025-01-02,Hanse Werk,Manufacturing,Germany,Data & Integration,Dataflow,Completed,507,397.4,1150,35208.24,658284.08,415116.96,3.9
P0099,2025-01-25,Svea Style,Fashion,Sweden,Analytics & Dashboard,Dataflow,In Progress,186,196.8,1300,12312.1,256703.04,147484.98,
P0100,2025-01-07,Loop Logistics,Logistics,Denmark,Website,UX,In Progress,257,234.5,1200,1221.74,297639.53,138284.51,
P0101,2025-08-23,NordHome,Retail,Denmark,Support & Optimization,Web,Completed,20,21.5,1075,283.23,23501.12,11006.01,4.3
P0102,2025-12-10,Harbor Hotels,Hospitality,Denmark,Data & Integration,Dataflow,On Hold,297,359.6,1100,19896.5,357319.56,153505.38,
P0103,2025-04-15,Loop Logistics,Logistics,Denmark,AI & Automation,Development,Completed,224,270.8,1275,17868.04,321864.63,154580.78,3.5
P0104,2026-01-15,EcoTransit,Transport,Sweden,AI & Automation,Innovation,Completed,103,119.4,1300,9616.79,151884.45,71883.9,4.0
P0105,2025-08-15,PurePet,Pet Care,Denmark,Website,UX,Completed,249,259.3,1250,10733.07,337741.72,161085.38,3.7
P0106,2025-11-24,Harbor Hotels,Hospitality,Denmark,Digital Marketing,Marketing,Completed,86,95.0,1250,0,103239.46,53916.51,3.7
P0107,2025-12-12,Nexa Components,Manufacturing,Germany,UX & Design,UX,Completed,180,175.8,1250,14408.81,251244.64,129574.46,4.3
P0108,2026-04-14,Kite Kids,Retail,Denmark,Digital Marketing,Marketing,Completed,119,117.3,1175,14679.74,148119.21,77299.08,4.3
P0109,2026-07-24,Oak & Form,Furniture,Germany,Support & Optimization,Support,Completed,23,22.7,1150,374.99,26370.72,15105.44,4.6
P0110,2026-08-30,Nexa Components,Manufacturing,Germany,Data & Integration,Development,On Hold,458,633.7,1250,25641.01,617890.47,165879.84,
P0111,2025-06-03,CloudCraft,Software,Denmark,E-commerce,Commerce,On Hold,226,280.1,1000,0,213380.15,81623.65,
P0112,2026-01-11,Aurora Travel,Travel,Norway,UX & Design,UX,Completed,76,95.0,975,4201.25,77128.88,20774.07,3.7
P0113,2026-07-07,PurePet,Pet Care,Denmark,Website,UX,Completed,136,120.0,1225,15625.65,195254.62,119204.36,4.6
P0114,2026-09-29,EcoTransit,Transport,Sweden,Support & Optimization,Commerce,Completed,80,76.6,950,6479.55,87613.03,33382.63,3.8
P0115,2026-05-16,Berg & Co.,B2B Services,Sweden,Support & Optimization,Web,In Progress,67,69.8,1150,6774.83,87857.04,47499.26,
P0116,2026-05-20,CloudCraft,Software,Denmark,Digital Marketing,Marketing,Completed,108,97.4,1125,5864.39,125705.18,65031.04,4.3
P0117,2025-05-16,Baltic Tools,Manufacturing,Sweden,Data & Integration,Development,Completed,220,244.1,1200,9724.98,291294.16,150303.79,
P0118,2025-12-10,Arctic Outdoor,Retail,Norway,Data & Integration,Development,On Hold,264,369.6,1375,17609.02,405498.5,182627.47,
P0119,2026-04-19,GreenGrid,Energy,Denmark,Data & Integration,Dataflow,In Progress,292,269.2,1225,25226.66,361604.77,190960.7,
P0120,2026-08-14,NordHome,Retail,Denmark,Support & Optimization,Web,Completed,30,32.1,1025,1756.72,32283.17,14366.35,4.4
P0121,2025-11-20,Oak & Form,Furniture,Germany,Analytics & Dashboard,BI & Analytics,Completed,139,154.5,1250,3725.72,177199.52,76130.42,
P0122,2025-07-13,Hanse Werk,Manufacturing,Germany,Support & Optimization,Web,In Progress,43,37.5,950,3308.61,44572.57,17109.31,
P0123,2025-03-27,Hanse Werk,Manufacturing,Germany,Support & Optimization,Commerce,Completed,42,45.4,1125,1446.08,49345.56,19158.04,4.1
P0124,2025-11-20,Berg & Co.,B2B Services,Sweden,Digital Marketing,Marketing,Completed,111,104.6,1225,9425.95,150122.35,74657.53,4.0
P0125,2025-10-24,Harbor Hotels,Hospitality,Denmark,Website,Web,In Progress,105,79.2,1025,7553.01,121043.32,68126.07,
P0126,2026-06-22,NorthSea Marine,Maritime,Denmark,Analytics & Dashboard,BI & Analytics,Completed,101,102.4,1325,8702.82,145299.62,72079.32,4.6
P0127,2025-01-07,Arctic Outdoor,Retail,Norway,E-commerce,Web,On Hold,587,565.2,1325,36549.3,850714.75,529079.84,
P0128,2026-05-25,Baltic Tools,Manufacturing,Sweden,Support & Optimization,Web,In Progress,45,37.5,1125,1336.54,50318.82,23923.24,
P0129,2026-09-13,NordHome,Retail,Denmark,Support & Optimization,Web,Completed,62,58.4,1050,4882.66,66268.69,31982.48,4.6
P0130,2025-08-01,EcoTransit,Transport,Sweden,Digital Marketing,Marketing,On Hold,176,181.3,1050,3446.66,181786.88,71518.73,
P0131,2026-07-06,Berg & Co.,B2B Services,Sweden,Support & Optimization,Web,Completed,15,10.3,1075,1373.59,17517.21,9560.82,3.9
P0132,2026-03-27,GreenGrid,Energy,Denmark,E-commerce,Commerce,On Hold,180,164.3,1100,15253.12,211489.49,107061.08,
P0133,2025-06-25,Scandi Foods,Food & Beverage,Norway,Digital Marketing,Marketing,Completed,113,109.5,1225,10719.43,151465.83,74902.26,3.8
P0134,2025-03-04,Peak Performance Lab,Sports,Norway,Data & Integration,Development,Completed,132,139.9,1125,7356.08,157335.58,63317.86,4.6
P0135,2026-03-11,Medico North,Healthcare,Denmark,E-commerce,Web,Completed,647,659.9,1350,60145.43,879730.06,473590.6,4.8
P0136,2026-01-28,Medico North,Healthcare,Denmark,Website,Web,Completed,145,140.3,950,4679.59,153100.91,69090.81,4.6
P0137,2025-03-13,Nexa Components,Manufacturing,Germany,Analytics & Dashboard,BI & Analytics,Completed,132,129.2,1225,3947.95,166996.68,75811.66,5.0
P0138,2026-08-31,GreenGrid,Energy,Denmark,E-Commerce,Commerce,Completed,497,496.3,1200,64196.94,683136.13,330633.33,4.8
P0139,2026-08-06,UrbanNest,Real Estate,Denmark,Website,UX,In Progress,192,170.5,1000,17661.7,202941.34,98398.9,
P0140,2025-01-27,UrbanNest,Real Estate,Denmark,Website,Web,Completed,273,281.7,1250,13226.86,341449.1,137741.47,4.6
P0141,2025-08-01,Svea Style,Fashion,Sweden,Support & Optimization,Commerce,On Hold,84,72.8,1125,4536.09,100338.61,46642.02,
P0142,2025-10-05,GreenGrid,Energy,Denmark,UX & Design,UX,On Hold,137,129.0,1050,5528.09,143310.55,58469.13,
P0143,2025-10-19,UrbanNest,Real Estate,Denmark,AI & Automation,Development,On Hold,291,323.3,1400,24280.27,418708.95,235719.39,
P0144,2026-03-04,UrbanNest,Real Estate,Denmark,E-commerce,Web,Completed,213,203.4,1075,10420.24,251437.5,128207.75,4.5
P0145,2025-11-26,Scandi Foods,Food & Beverage,Norway,Support & Optimization,Web,Completed,45,48.1,925,2236.41,41440.09,13913.17,4.5
P0146,2026-01-27,Luma Beauty,Beauty,Sweden,Data & Integration,Development,Completed,210,274.2,1400,13943.99,316258.21,162289.21,4.2
P0147,2025-07-24,Harbor Hotels,Hospitality,Denmark,Data & Integration,Dataflow,Completed,185,241.9,1375,9187.82,269931.54,132559.13,4.0
P0148,2025-04-14,VitaCare,Healthcare,Norway,E-commerce,Commerce,Completed,525,418.7,1250,12954.65,642505.36,365200.33,4.8
P0149,2026-03-26,NorthSea Marine,Maritime,Denmark,Digital Marketing,Marketing,On Hold,152,156.8,1200,6696.78,200765.05,111555.56,
P0150,2026-05-02,Scandi Foods,Food & Beverage,Norway,Analytics & Dashboard,Dataflow,Completed,87,101.4,1250,8673.19,111172.86,38786.2,4.4
P0151,2025-04-29,Medico North,Healthcare,Denmark,Data & Integration,Development,Completed,414,393.8,1300,43506.04,577859.81,308783.35,4.3
P0152,2026-05-08,UrbanNest,Real Estate,Denmark,Digital Marketing,Marketing,In Progress,127,139.7,1225,2617.08,161328.23,68901.13,
P0153,2026-07-31,Loop Logistics,Logistics,Denmark,UX & Design,UX,In Progress,73,57.4,1275,4494.17,97876.56,62205.8,
P0154,2025-06-30,NordHome,Retail,Denmark,UX & Design,UX,Completed,160,123.4,1125,9871.24,189067.33,112915.47,
P0155,2025-08-01,Loop Logistics,Logistics,Denmark,Data & Integration,Development,Completed,320,434.6,1300,14512.7,444736.86,178466.23,3.6
P0156,2025-03-10,GreenGrid,Energy,Denmark,Website,UX,On Hold,316,341.7,1025,29642.16,381250.58,155601.05,
P0157,2025-03-15,Nexa Components,Manufacturing,Germany,E-commerce,Commerce,Completed,183,147.5,1325,9692.34,263628.26,157566.94,4.8
P0158,2025-12-30,Baltic Tools,Manufacturing,Sweden,Support & Optimization,Support,Completed,17,20.1,925,1790.74,16957.3,3369.06,4.3
P0159,2026-03-11,Kite Kids,Retail,Denmark,Data & Integration,Dataflow,Completed,153,160.2,1125,10126.73,173723.78,83975.96,4.9
P0160,2025-07-24,Nexa Components,Manufacturing,Germany,Website,UX,Completed,164,154.2,1250,9332.89,222663.75,118578.94,
P0161,2025-07-14,Oak & Form,Furniture,Germany,Data & Integration,Dataflow,On Hold,472,702.6,1450,20464.25,689957.46,300383.77,
P0162,2026-03-13,Fjord Living,Furniture,Denmark,Support & Optimization,Web,Completed,30,28.0,1050,1482.71,33006.8,18161.74,4.9
P0163,2025-12-02,Scandi Foods,Food & Beverage,Norway,Data & Integration,Development,Completed,317,294.8,1225,25301.49,422738.55,231579.96,4.2
P0164,2025-05-14,Hanse Werk,Manufacturing,Germany,Data & Integration,Dataflow,On Hold,237,180.4,1275,15500.98,319424.46,188866.63,
P0165,2026-03-09,NordHome,Retail,Denmark,AI/Automation,Development,On Hold,219,337.9,1500,13484.36,350822.06,109136.26,
P0166,2025-02-02,Fjord Living,Furniture,Denmark,E-commerce,Web,Completed,582,631.1,1025,36072.23,634602.15,171402.01,4.2
P0167,2025-08-15,Arctic Outdoor,Retail,Norway,AI & Automation,Development,Completed,169,196.5,1175,19816.83,233504.4,99041.31,3.3
P0168,2025-09-19,EcoTransit,Transport,Sweden,Data & Integration,Development,Completed,359,410.8,1275,17702.12,499179.87,276519.57,3.9
P0169,2025-11-08,Luma Beauty,Beauty,Sweden,AI & Automation,Development,In Progress,142,128.6,1525,6501.65,239100.36,168886.95,
P0170,2025-05-01,Luma Beauty,Beauty,Sweden,Support & Optimization,Commerce,Completed,76,63.8,1100,4860.11,88980.06,50281.67,
P0171,2025-01-02,Scandi Foods,Food & Beverage,Norway,Analytics & Dashboard,BI & Analytics,On Hold,99,70.3,1225,6820.22,123445.08,72879.47,
P0172,2025-09-22,PurePet,Pet Care,Denmark,Digital Marketing,Marketing,On Hold,67,68.6,1175,2325.8,84605.76,49179.84,
P0173,2025-04-16,GreenGrid,Energy,Denmark,Website,Web,Completed,206,163.0,1250,18171.43,266564.18,150935.74,4.1
P0174,2026-06-20,EcoTransit,Transport,Sweden,E-commerce,Web,On Hold,402,333.9,1200,11935.71,495987.77,271439.43,
P0175,2025-06-03,NordHome,Retail,Denmark,E-commerce,Web,Completed,442,566.5,1200,17949.81,530044.74,134727.26,
P0176,2026-03-13,PurePet,Pet Care,Denmark,Data & Integration,Development,Completed,497,518.7,1275,45185.99,688807.31,357054.62,3.8
P0177,2025-07-19,Oak & Form,Furniture,Germany,Data & Integration,Dataflow,Completed,293,368.1,1375,19918.65,427244.08,198822.66,3.4
P0178,2025-05-30,GreenGrid,Energy,Denmark,Data & Integration,Development,Completed,183,167.5,1175,17460.33,230051.85,122736.03,4.7
P0179,2025-01-25,Nexa Components,Manufacturing,Germany,UX & Design,UX,Completed,192,205.5,1225,1813.83,250577.76,110282.69,4.4
P0180,2025-09-09,Harbor Hotels,Hospitality,Denmark,Analytics & Dashboard,BI & Analytics,Completed,156,157.0,1375,10018.96,237699.41,129122.86,4.5
P0181,2026-04-15,Arctic Outdoor,Retail,Norway,Data & Integration,Dataflow,Completed,461,737.7,1125,42395.9,563506.03,143224.87,3.5
P0182,2025-11-26,Fjord Living,Furniture,Denmark,Data & Integration,Dataflow,Completed,519,638.1,1250,21146.73,708276.27,315065.17,4.1
P0183,2025-10-18,Nexa Components,Manufacturing,Germany,Digital Marketing,Marketing,Completed,114,112.3,1075,0,125642.44,68549.37,4.2
P0184,2026-06-01,Berg & Co.,B2B Services,Sweden,Data and Integration,Development,Completed,164,153.6,1125,6442.9,191231.72,100231.86,4.9
P0185,2025-01-24,Luma Beauty,Beauty,Sweden,Data & Integration,Development,Completed,242,273.0,1350,14932.65,360692.36,178741.86,4.3
P0186,2025-12-28,Harbor Hotels,Hospitality,Denmark,Data & Integration,Dataflow,In Progress,472,569.5,1425,33981.73,685776.61,355634.58,
P0187,2025-10-19,Peak Performance Lab,Sports,Norway,Data & Integration,Development,In Progress,353,383.4,1425,22076.78,511618.47,298297.71,
P0188,2025-05-16,Harbor Hotels,Hospitality,Denmark,UX & Design,UX,On Hold,77,72.4,1025,4550.61,80502.27,39634.56,
P0189,2026-08-21,UrbanNest,Real Estate,Denmark,Digital Marketing,Marketing,On Hold,84,66.4,1075,2135.35,97438.45,62029.33,
P0190,2025-12-03,Scandi Foods,Food & Beverage,Norway,E-commerce,Web,In Progress,640,595.9,1350,48489.83,934111.26,496709.32,
P0191,2026-01-30,Kite Kids,Retail,Denmark,Data & Integration,Dataflow,Completed,472,495.3,1275,39147.6,619075.82,345235.0,4.0
P0192,2026-01-29,Peak Performance Lab,Sports,Norway,Website,UX,Completed,174,206.8,1050,17421.76,200108.76,47845.92,3.4
P0193,2026-03-16,Svea Style,Fashion,Sweden,UX & Design,UX,In Progress,140,141.1,950,1184.58,136877.93,44875.54,
P0194,2026-05-18,Aurora Travel,Travel,Norway,E-commerce,Commerce,On Hold,579,696.1,1075,58238.5,682436.33,152829.3,
P0195,2025-11-02,Berg & Co.,B2B Services,Sweden,Data & Integration,Dataflow,Completed,301,426.1,1450,10586.34,445700.98,155529.47,4.6
P0196,2025-05-11,Svea Style,Fashion,Sweden,Data & Integration,Dataflow,In Progress,318,366.9,1450,36547.09,525708.03,282277.35,
P0197,2025-07-09,EcoTransit,Transport,Sweden,Analytics & Dashboard,BI & Analytics,Completed,151,174.8,1325,3475.48,195695.67,78593.33,4.6
P0198,2025-11-08,Luma Beauty,Beauty,Sweden,Data & Integration,Development,Completed,483,463.9,1375,28804.83,679202.8,395073.79,3.8
P0199,2025-07-30,Nexa Components,Manufacturing,Germany,Digital Marketing,Marketing,Completed,154,127.5,1000,14058.63,171912.78,80882.93,4.0
P0200,2026-01-12,Svea Style,Fashion,Sweden,AI & Automation,Innovation,Completed,148,169.3,1175,13520.01,182366.99,76995.24,
P0201,2026-03-18,Kite Kids,Retail,Denmark,Analytics & Dashboard,BI & Analytics,In Progress,108,143.4,1275,1868.03,132311.26,54382.93,
P0202,2026-03-11,NordHome,Retail,Denmark,Website,UX,Completed,253,302.8,1100,31474.8,325789.56,146205.45,3.7
P0203,2025-08-08,Svea Style,Fashion,Sweden,Data & Integration,Dataflow,Completed,132,132.1,1325,10869.75,192729.06,118959.71,5
P0204,2026-09-21,Loop Logistics,Logistics,Denmark,Digital Marketing,Marketing,Completed,90,72.0,900,6923.02,86008.3,32574.08,3.7
P0205,2025-06-30,PurePet,Pet Care,Denmark,Data & Integration,Development,Completed,367,355.4,1275,19913.74,517282.92,321441.98,3.7
P0206,2025-06-17,NorthSea Marine,Maritime,Denmark,Analytics & Dashboard,Dataflow,Completed,155,208.9,1275,3860.84,197460.55,73810.05,3.9
P0207,2026-07-30,Oak & Form,Furniture,Germany,Digital Marketing,Marketing,Completed,57,64.3,925,8214.73,60725.67,14724.64,4.0
P0208,2026-01-11,Berg & Co.,B2B Services,Sweden,Website,Web,Completed,290,306.0,1000,18914.2,311707.7,145558.29,5
P0209,2025-08-16,VitaCare,Healthcare,Norway,Data & Integration,Dataflow,On Hold,140,139.6,1425,10669.06,207409.78,115351.76,
P0210,2026-03-07,Peak Performance Lab,Sports,Norway,AI & Automation,Innovation,Completed,87,96.6,1250,7451.87,114873.94,47972.68,
P0211,2025-10-12,VitaCare,Healthcare,Norway,Digital Marketing,Marketing,Completed,178,223.3,1250,7738.61,238532.32,91980.45,3.4
P0212,2025-09-24,Scandi Foods,Food & Beverage,Norway,E-commerce,Web,Completed,624,759.1,1350,68633.67,941966.94,399319.52,3.9
P0213,2026-03-28,Oak & Form,Furniture,Germany,Digital Marketing,Marketing,Completed,142,168.9,1250,12325.67,195047.52,87337.08,3.9
P0214,2026-02-01,NorthSea Marine,Maritime,Denmark,Digital Marketing,Marketing,Completed,134,127.5,1100,5860.52,146351.95,73564.84,4.8
P0215,2026-02-03,VitaCare,Healthcare,Norway,Website,Web,Completed,323,387.1,1125,20912.62,404402.36,165442.02,
P0216,2026-02-27,Kite Kids,Retail,Denmark,Support & Optimization,Support,Completed,39,51.1,975,4085.87,42652.15,11991.61,4.4
P0217,2026-05-14,Luma Beauty,Beauty,Sweden,Analytics & Dashboard,BI & Analytics,On Hold,133,141.6,1100,11048.84,156519.62,55587.95,
P0218,2025-07-11,Baltic Tools,Manufacturing,Sweden,UX & Design,UX,In Progress,88,72.3,1025,5679.46,97917.67,50458.29,
P0219,2026-02-20,Berg & Co.,B2B Services,Sweden,Website,UX,In Progress,259,185.2,1100,15231.75,300039.21,187178.75,
P0220,2025-10-23,Harbor Hotels,Hospitality,Denmark,Website,UX,Completed,226,251.9,1075,23387.61,269003.35,88039.66,4.1
P0221,2025-02-05,NorthSea Marine,Maritime,Denmark,E-commerce,Commerce,Completed,615,552.0,1000,1908.62,622493.17,287258.96,4.7
P0222,2025-09-21,Svea Style,Fashion,Sweden,Digital Marketing,Marketing,On Hold,132,103.8,1050,6613.29,143398.11,79522.48,
P0223,2026-06-27,Fjord Living,Furniture,Denmark,Support & Optimization,Commerce,Completed,36,38.2,925,1202.27,34107.49,9040.86,4.0
P0224,2025-02-09,VitaCare,Healthcare,Norway,Analytics & Dashboard,BI & Analytics,Completed,187,171.0,1175,18110.57,250247.57,143153.41,4.7
P0225,2025-12-25,Peak Performance Lab,Sports,Norway,Support & Optimization,Commerce,Completed,42,32.7,975,4513.48,43323.06,20187.05,4.2
P0226,2025-11-25,NorthSea Marine,Maritime,Denmark,Website,Web,On Hold,216,171.1,1150,13160.22,247262.59,152012.84,
P0227,2025-07-28,Baltic Tools,Manufacturing,Sweden,Analytics & Dashboard,Dataflow,On Hold,87,85.9,1050,7536.45,96428.39,33196.76,
P0228,2025-07-26,Medico North,Healthcare,Denmark,Analytics & Dashboard,Dataflow,Completed,69,64.0,1025,956.36,72329.62,32911.51,4.1
P0229,2025-10-08,Arctic Outdoor,Retail,Norway,Website,UX,In Progress,110,72.9,1050,3043.76,127185.11,81340.28,
P0230,2026-03-21,Fjord Living,Furniture,Denmark,Support & Optimization,Commerce,In Progress,56,68.9,1150,3564.57,67159.07,23690.97,
P0231,2025-02-04,EcoTransit,Transport,Sweden,Data and Integration,Development,Completed,144,174.3,1425,10689.35,207316.41,102994.81,4.4
P0232,2025-05-21,Hanse Werk,Manufacturing,Germany,Website,UX,In Progress,334,433.0,1075,23584.06,369755.88,121307.64,
P0233,2025-04-30,Oak & Form,Furniture,Germany,UX & Design,UX,On Hold,203,171.4,1275,7186.32,270109.35,172224.6,
P0234,2026-06-23,Kite Kids,Retail,Denmark,Analytics & Dashboard,BI & Analytics,On Hold,179,209.3,1200,6893.5,221432.61,73584.3,
P0235,2026-03-23,Loop Logistics,Logistics,Denmark,UX & Design,UX,In Progress,112,85.9,1250,2207.14,137561.21,86542.04,
P0236,2026-08-02,Berg & Co.,B2B Services,Sweden,UX & Design,UX,Completed,218,216.9,1125,13263.5,273997.74,158381.71,4.8
P0237,2025-05-10,Berg & Co.,B2B Services,Sweden,Digital Marketing,Marketing,Completed,102,91.4,1175,9422.35,123473.68,69895.7,4.9
P0238,2026-05-31,Medico North,Healthcare,Denmark,Website,Web,Completed,140,92.8,1125,13876.06,182632.4,109697.42,5
P0239,2025-01-08,Oak & Form,Furniture,Germany,Analytics & Dashboard,BI & Analytics,On Hold,174,202.7,1000,4638.98,169546.47,46540.03,
P0240,2025-05-02,Arctic Outdoor,Retail,Norway,Support & Optimization,Support,Completed,64,57.9,1125,4988.83,81723.65,47918.75,4.4
P0241,2026-04-09,EcoTransit,Transport,Sweden,Data & Integration,Development,In Progress,415,323.2,1250,28991.57,548109.13,362084.07,
P0242,2025-06-28,Kite Kids,Retail,Denmark,Data & Integration,Dataflow,On Hold,404,563.6,1375,23075.27,565220.32,256299.41,
P0243,2026-02-02,Berg & Co.,B2B Services,Sweden,Website,Web,Completed,295,221.6,1150,21094.59,381399.42,225739.29,4.8
P0244,2026-02-05,Aurora Travel,Travel,Norway,Digital Marketing,Marketing,Completed,88,84.3,1175,5122.65,105327.95,58254.94,4.6
P0245,2025-09-05,Luma Beauty,Beauty,Sweden,Analytics & Dashboard,Dataflow,Completed,165,143.8,1325,6718.26,231842.08,142592.35,
P0246,2025-02-21,Svea Style,Fashion,Sweden,Digital Marketing,Marketing,Completed,70,80.3,900,5452.09,72530.91,23141.58,4.1
P0247,2025-08-15,Svea Style,Fashion,Sweden,Digital Marketing,Marketing,Completed,62,57.0,1000,5657.85,68486.1,31161.18,4.1
P0248,2026-02-22,Scandi Foods,Food & Beverage,Norway,UX & Design,UX,Completed,106,78.6,1175,10677.54,129303.0,70419.29,4.2
P0249,2025-03-19,Luma Beauty,Beauty,Sweden,Analytics & Dashboard,BI & Analytics,Completed,127,116.1,1275,7060.96,174048.54,95115.47,4.1
P0250,2025-06-26,Fjord Living,Furniture,Denmark,Analytics & Dashboard,BI & Analytics,Completed,180,183.6,1175,0,199388.44,93200.95,
P0251,2025-01-22,EcoTransit,Transport,Sweden,E-commerce,Web,Completed,186,200.9,1100,9501.9,220857.44,85113.03,4.0
P0252,2025-05-29,Loop Logistics,Logistics,Denmark,Support & Optimization,Support,Completed,39,45.9,1050,973.85,41098.72,13781.94,
P0253,2026-03-09,Harbor Hotels,Hospitality,Denmark,Data & Integration,Development,In Progress,156,179.1,1250,9104.93,206330.68,83166.33,
P0254,2025-09-19,NorthSea Marine,Maritime,Denmark,Website,Web,Completed,239,170.9,1175,8682.79,308670.0,192701.76,4.7
P0255,2026-01-06,VitaCare,Healthcare,Norway,Digital Marketing,Marketing,Completed,49,48.9,925,0,43091.74,15341.58,4.3
P0256,2026-09-24,GreenGrid,Energy,Denmark,E-commerce,Web,On Hold,195,256.5,1325,4929.92,248451.97,103355.05,
P0257,2025-04-02,Nexa Components,Manufacturing,Germany,Analytics & Dashboard,Dataflow,Completed,181,183.1,1200,11935.81,237521.17,116292.59,4.7
P0258,2025-01-26,UrbanNest,Real Estate,Denmark,Website,Web,In Progress,332,295.8,1175,34457.39,420406.27,185886.13,
P0259,2025-04-15,CloudCraft,Software,Denmark,Support & Optimization,Support,Completed,66,59.5,1125,5550.03,85515.52,47980.17,4.3
P0260,2025-11-06,Fjord Living,Furniture,Denmark,E-commerce,Web,Completed,526,461.9,1125,674.26,595169.44,372251.72,4.7
P0261,2026-03-10,Nexa Components,Manufacturing,Germany,E-commerce,Commerce,Completed,243,252.3,1050,2893.45,256922.3,108304.39,4.8
P0262,2025-06-27,Luma Beauty,Beauty,Sweden,Data and Integration,Dataflow,In Progress,404,494.8,1275,21238.93,556293.75,288841.21,
P0263,2025-01-17,Medico North,Healthcare,Denmark,Website,Web,On Hold,125,117.5,1050,0,127524.16,50142.54,
P0264,2025-05-10,Scandi Foods,Food & Beverage,Norway,Digital Marketing,Marketing,Completed,109,119.3,1000,4419.8,109099.52,47915.1,4.5
P0265,2025-11-08,PurePet,Pet Care,Denmark,Data & Integration,Development,Completed,146,213.7,1275,10160.48,194082.55,77406.63,
P0266,2025-10-29,Nexa Components,Manufacturing,Germany,Support & Optimization,Web,Completed,19,21.7,975,580.75,18181.22,4303.61,4.2
P0267,2025-12-16,Loop Logistics,Logistics,Denmark,UX & Design,UX,In Progress,124,116.7,950,12027.97,131451.82,59244.18,
P0268,2026-05-21,Peak Performance Lab,Sports,Norway,Analytics & Dashboard,BI & Analytics,In Progress,158,119.7,1200,11454.04,199502.43,118834.37,
P0269,2025-05-05,Scandi Foods,Food & Beverage,Norway,UX & Design,UX,Completed,164,151.4,1175,21290.69,223089.72,114063.6,4.7
P0270,2026-05-22,Nexa Components,Manufacturing,Germany,Website,UX,Completed,132,121.3,1175,13419.96,173203.86,82264.44,3.9
P0271,2025-10-30,Nexa Components,Manufacturing,Germany,AI & Automation,Development,On Hold,196,205.7,1400,11342.82,281890.11,169096.79,
P0272,2025-05-16,Kite Kids,Retail,Denmark,Support & Optimization,Support,Completed,23,22.8,975,2269.01,25498.51,11441.8,4.4
P0273,2026-09-24,CloudCraft,Software,Denmark,UX & Design,UX,Completed,100,124.7,1175,7371.39,121996.16,31752.65,4.6
P0274,2025-06-01,UrbanNest,Real Estate,Denmark,Data & Integration,Dataflow,On Hold,281,353.4,1150,14724.82,332543.33,137556.61,
P0275,2025-12-08,Kite Kids,Retail,Denmark,Analytics & Dashboard,BI & Analytics,Completed,110,107.2,1325,8242.01,156980.01,80327.63,4.1
P0276,2025-10-03,Berg & Co.,B2B Services,Sweden,Support & Optimization,Support,Completed,54,39.8,900,4330.19,53790.99,28555.31,4.9
P0277,2025-07-18,Luma Beauty,Beauty,Sweden,Support & Optimization,Commerce,In Progress,26,20.8,1150,3788.44,34884.32,20427.6,
P0278,2025-03-05,Peak Performance Lab,Sports,Norway,Analytics & Dashboard,Dataflow,Completed,134,134.7,1175,8712.68,168473.73,93073.59,4.6
P0279,2025-11-26,Scandi Foods,Food & Beverage,Norway,Support & Optimization,Support,Completed,20,16.5,850,1595.09,17858.24,8476.71,4.6
P0280,2025-08-17,PurePet,Pet Care,Denmark,E-commerce,Web,Completed,337,316.4,1250,19697.92,460065.64,239383.51,4.4
P0281,2025-04-28,CloudCraft,Software,Denmark,E-commerce,Commerce,Completed,589,499.1,1150,31771.84,696298.01,403104.75,3.7
P0282,2025-04-28,VitaCare,Healthcare,Norway,Data & Integration,Dataflow,Completed,126,148.4,1400,1895.31,174596.51,78120.52,3.8
P0283,2026-07-01,EcoTransit,Transport,Sweden,E-commerce,Web,Completed,346,299.0,1000,20037.65,346060.68,142352.85,4.9
P0284,2026-09-19,NorthSea Marine,Maritime,Denmark,Support & Optimization,Web,Completed,22,25.5,875,2882.96,23337.97,4846.76,
P0285,2025-09-21,Hanse Werk,Manufacturing,Germany,Website,UX,Completed,277,302.3,1200,5395.52,362252.6,152373.75,4.5
P0286,2025-07-09,EcoTransit,Transport,Sweden,Website,UX,Completed,104,92.5,1025,3951.84,112334.15,47688.9,4.1
P0287,2025-06-29,NorthSea Marine,Maritime,Denmark,Data & Integration,Development,Completed,494,584.5,1300,14900.1,670563.75,287283.53,3.9
P0288,2026-01-31,Kite Kids,Retail,Denmark,AI & Automation,Development,On Hold,169,231.0,1150,7241.47,207428.08,77949.19,
P0289,2025-04-03,GreenGrid,Energy,Denmark,Website,Web,Completed,278,251.8,1225,14470.93,342737.09,202628.2,
P0290,2025-02-03,UrbanNest,Real Estate,Denmark,Digital Marketing,Marketing,Completed,170,151.3,1025,794.29,173265.76,70356.68,4.9
P0291,2025-12-14,PurePet,Pet Care,Denmark,Data & Integration,Dataflow,In Progress,500,479.3,1175,37096.4,622947.02,296070.88,
P0292,2025-01-23,UrbanNest,Real Estate,Denmark,Support & Optimization,Web,Completed,22,18.4,1000,1359.93,22203.04,10153.86,4.6
P0293,2026-04-12,Fjord Living,Furniture,Denmark,UX & Design,UX,Completed,164,146.7,1125,9085.45,193636.3,94689.68,5
P0294,2025-12-08,NordHome,Retail,Denmark,Support & Optimization,Support,Completed,24,28.2,1100,2157.9,29870.03,13153.05,4.3
P0295,2026-07-22,NorthSea Marine,Maritime,Denmark,Digital Marketing,Marketing,Completed,131,127.5,1025,0,140719.2,62637.1,4.1
P0296,2025-01-15,GreenGrid,Energy,Denmark,Ecommerce,Web,Completed,446,602.8,1000,28210.38,503880.28,154689.61,2.9
P0297,2025-04-15,Nexa Components,Manufacturing,Germany,Data & Integration,Development,Completed,296,303.1,1375,13666.4,420601.24,204823.82,4.5
P0298,2025-05-06,Scandi Foods,Food & Beverage,Norway,UX & Design,UX,In Progress,59,52.6,1125,7942.05,77043.4,40577.36,
P0299,2025-04-27,Fjord Living,Furniture,Denmark,Support & Optimization,Commerce,Completed,84,100.0,925,11579.88,92319.1,20153.42,3.4
P0300,2026-02-13,CloudCraft,Software,Denmark,E-commerce,Commerce,On Hold,447,477.1,1000,29989.22,461708.51,193567.4,
P0301,2025-01-28,CloudCraft,Software,Denmark,UX & Design,UX,Completed,118,74.1,1075,7961.51,136892.77,79448.85,5
P0302,2025-12-15,Oak & Form,Furniture,Germany,Website,UX,Completed,94,79.6,950,5568.13,94063.79,42203.34,5
P0303,2025-12-18,EcoTransit,Transport,Sweden,AI & Automation,Innovation,Completed,153,177.0,1250,18044.24,218960.75,102399.34,3.9
P0304,2025-12-19,Hanse Werk,Manufacturing,Germany,Analytics & Dashboard,Dataflow,On Hold,190,180.9,1100,17862.38,220566.41,96061.33,
P0305,2025-05-14,EcoTransit,Transport,Sweden,Website,UX,Completed,167,172.8,1150,7782.96,209473.18,116393.24,4.3
P0306,2026-03-25,Nexa Components,Manufacturing,Germany,E-commerce,Commerce,Completed,580,494.5,1225,25820.95,701260.49,345666.77,4.4
P0307,2026-09-20,Fjord Living,Furniture,Denmark,Data & Integration,Development,Completed,199,198.5,1375,12082.5,308598.02,168551.24,4.1
P0308,2026-09-18,VitaCare,Healthcare,Norway,Support & Optimization,Web,In Progress,32,38.9,1125,3486.22,39457.86,9770.96,
P0309,2025-03-16,EcoTransit,Transport,Sweden,Website,Web,Completed,190,129.0,1075,23290.58,237491.73,145623.35,4.0
P0310,2026-05-26,CloudCraft,Software,Denmark,Digital Marketing,Marketing,Completed,108,108.0,1000,9298.49,115571.24,33346.73,4.3
P0311,2025-04-23,GreenGrid,Energy,Denmark,Data & Integration,Dataflow,Completed,435,517.0,1125,45690.48,512086.55,134307.71,3.5
P0312,2025-01-18,Medico North,Healthcare,Denmark,Website,UX,On Hold,307,284.8,1075,29631.48,362444.65,170028.03,
P0313,2026-05-01,Hanse Werk,Manufacturing,Germany,Support & Optimization,Web,Completed,56,47.1,1050,1565.02,60062.8,26884.22,3.6
P0314,2026-01-02,Kite Kids,Retail,Denmark,E-commerce,Commerce,Completed,369,362.9,1175,39789.94,502034.97,278250.8,4.6
P0315,2026-04-13,Nexa Components,Manufacturing,Germany,Website,UX,Completed,188,190.6,1025,19814.06,218568.18,70231.96,4.3
P0316,2025-04-28,NorthSea Marine,Maritime,Denmark,Digital Marketing,Marketing,Completed,154,165.5,925,15176.21,167989.35,58489.49,
P0317,2026-09-14,Harbor Hotels,Hospitality,Denmark,Analytics & Dashboard,Dataflow,Completed,212,182.0,1250,18697.59,294464.42,167887.49,4.2
P0318,2026-04-15,GreenGrid,Energy,Denmark,Website,UX,Completed,98,113.3,1250,5286.49,121941.85,42304.26,
P0319,2025-04-08,Kite Kids,Retail,Denmark,Analytics & Dashboard,Dataflow,Completed,159,187.7,1375,12265.27,242120.34,137857.56,3.8
P0320,2025-04-17,Arctic Outdoor,Retail,Norway,E-commerce,Commerce,In Progress,471,600.1,1000,18417.13,483068.3,70287.63,
P0321,2025-03-04,Berg & Co.,B2B Services,Sweden,Digital Marketing,Marketing,Completed,158,138.2,1050,6849.41,165393.7,80052.25,4.2
P0322,2025-12-19,Harbor Hotels,Hospitality,Denmark,E-commerce,Web,Completed,408,288.0,1150,33249.09,513074.78,319728.54,
P0323,2026-09-01,CloudCraft,Software,Denmark,Digital Marketing,Marketing,Completed,59,63.7,1200,4599.84,81041.51,33227.87,
P0324,2025-03-05,Luma Beauty,Beauty,Sweden,Website,UX,On Hold,295,280.8,1100,11123.21,344727.61,161475.27,
P0325,2026-04-11,UrbanNest,Real Estate,Denmark,Data & Integration,Development,Completed,286,267.1,1200,9908.47,346068.22,168467.77,4.4
P0326,2026-02-16,Nexa Components,Manufacturing,Germany,Digital Marketing,Marketing,In Progress,124,120.3,1150,7392.88,155150.59,79345.07,
P0327,2026-06-25,Fjord Living,Furniture,Denmark,Support & Optimization,Support,Completed,17,17.4,1050,1021.34,18599.2,6236.81,4.5
P0328,2025-04-18,PurePet,Pet Care,Denmark,E-commerce,Web,Completed,453,495.3,1000,22346.8,450559.71,185759.4,
P0329,2025-09-22,PurePet,Pet Care,Denmark,AI & Automation,Innovation,Completed,104,117.4,1400,5938.76,150492.12,76436.47,3.3
P0330,2026-06-05,Medico North,Healthcare,Denmark,Analytics & Dashboard,Dataflow,Completed,200,201.0,1100,15304.81,227128.46,101180.13,4.0
P0331,2026-01-25,PurePet,Pet Care,Denmark,AI & Automation,Innovation,Completed,100,129.0,1525,6827.03,170843.84,80842.48,4.0
P0332,2025-08-05,Baltic Tools,Manufacturing,Sweden,Analytics & Dashboard,BI & Analytics,Completed,170,164.3,1350,9853.96,239196.96,122804.28,3.9
P0333,2025-05-06,Kite Kids,Retail,Denmark,Data & Integration,Dataflow,Completed,427,565.7,1100,16705.89,499971.97,148738.5,3.3
P0334,2026-01-21,NorthSea Marine,Maritime,Denmark,Analytics & Dashboard,Dataflow,Completed,93,118.7,1200,6982.91,121668.43,41972.67,4.4
P0335,2025-05-14,VitaCare,Healthcare,Norway,E-commerce,Web,Completed,294,310.3,1275,20755.66,373474.5,188326.73,4.3
P0336,2025-07-30,Aurora Travel,Travel,Norway,UX & Design,UX,Completed,218,226.2,1075,19375.71,239186.45,98778.09,5
P0337,2025-09-29,Nexa Components,Manufacturing,Germany,Analytics & Dashboard,Dataflow,Completed,45,44.5,1000,5278.11,47404.9,18107.71,4.2
P0338,2026-09-15,PurePet,Pet Care,Denmark,E-commerce,Web,Completed,230,254.1,1300,11806.97,323401.78,160474.61,
P0339,2026-08-11,Peak Performance Lab,Sports,Norway,Website,Web,Completed,105,106.3,1000,8656.95,108359.12,32482.4,4.2
P0340,2025-08-29,Kite Kids,Retail,Denmark,Data & Integration,Development,Completed,345,362.9,1425,25726.58,488774.28,222238.49,4.5
P0341,2025-01-12,Medico North,Healthcare,Denmark,UX & Design,UX,Completed,99,109.1,1225,9358.79,126236.56,56818.55,4.6
P0342,2025-04-27,Harbor Hotels,Hospitality,Denmark,Website,Web,Completed,234,220.0,1200,19968.17,287978.62,134113.25,3.5
P0343,2026-07-12,Kite Kids,Retail,Denmark,Analytics & Dashboard,Dataflow,In Progress,204,186.2,1150,5843.87,256841.07,160271.8,
P0344,2026-09-28,Svea Style,Fashion,Sweden,Data and Integration,Development,Completed,355,407.2,1175,44964.59,484023.54,165197.44,4.1
P0345,2025-07-10,Nexa Components,Manufacturing,Germany,Data & Integration,Dataflow,Completed,474,370.4,1450,46459.01,735766.1,440944.08,4.9
P0346,2025-12-27,Berg & Co.,B2B Services,Sweden,Digital Marketing,Marketing,Completed,143,175.7,1050,5047.01,156355.84,34711.25,3.8
P0347,2025-01-20,Loop Logistics,Logistics,Denmark,E-commerce,Web,Completed,534,570.1,1275,65938.84,734258.58,307715.64,4.5
P0348,2026-06-02,Harbor Hotels,Hospitality,Denmark,E-commerce,Web,Completed,523,566.7,1075,20541.04,570709.86,194769.34,
P0349,2025-08-11,Peak Performance Lab,Sports,Norway,Data & Integration,Dataflow,On Hold,229,220.3,1275,9259.5,304750.27,153676.5,
P0350,2025-09-20,Medico North,Healthcare,Denmark,E-commerce,Commerce,Completed,578,634.3,1150,73707.09,728095.92,269132.24,4.0
P0351,2026-01-25,Hanse Werk,Manufacturing,Germany,E-commerce,Commerce,On Hold,484,411.1,1025,38827.56,538815.18,242664.29,
P0352,2025-06-07,Berg & Co.,B2B Services,Sweden,Support & Optimization,Commerce,Completed,23,25.8,900,2170.24,23078.56,3981.6,3.9
P0353,2025-05-02,Hanse Werk,Manufacturing,Germany,Analytics & Dashboard,BI & Analytics,Completed,208,205.9,1175,20509.23,248888.39,108598.33,3.7
P0354,2025-05-02,NordHome,Retail,Denmark,Analytics & Dashboard,Dataflow,Completed,83,80.3,1075,3302.65,98817.46,48411.28,4.1
P0355,2026-03-10,Baltic Tools,Manufacturing,Sweden,Data & Integration,Dataflow,In Progress,137,154.4,1275,7653.72,171274.89,87797.54,
P0356,2025-10-15,EcoTransit,Transport,Sweden,Website,Web,Completed,273,256.5,975,14855.69,301594.95,139156.07,4.5
P0357,2025-07-30,NordHome,Retail,Denmark,E-commerce,Commerce,In Progress,255,213.8,1350,20661.93,346173.89,224997.1,
P0358,2026-08-26,GreenGrid,Energy,Denmark,Support & Optimization,Commerce,Completed,12,12.0,1050,654.24,12945.35,4136.65,3.9
P0359,2026-09-24,Arctic Outdoor,Retail,Norway,UX & Design,UX,On Hold,166,145.6,1000,9139.16,173055.31,88957.44,
P0360,2026-03-29,Aurora Travel,Travel,Norway,Analytics & Dashboard,Dataflow,On Hold,193,161.9,1250,20098.05,273330.0,166152.29,
P0361,2026-02-05,Nexa Components,Manufacturing,Germany,UX & Design,UX,Completed,146,152.2,950,7483.49,154091.53,69541.97,4.6
P0362,2025-03-18,Aurora Travel,Travel,Norway,Ecommerce,Commerce,In Progress,335,458.9,1200,27407.55,451533.78,144037.74,
P0363,2026-02-16,NordHome,Retail,Denmark,UX & Design,UX,Completed,171,193.6,1025,11329.98,187345.48,72451.43,4.0
P0364,2025-11-15,Berg & Co.,B2B Services,Sweden,E-commerce,Commerce,On Hold,451,544.9,1225,61110.97,607515.97,187512.59,
P0365,2025-01-10,GreenGrid,Energy,Denmark,Data & Integration,Development,Completed,256,229.9,1375,19598.77,355116.19,217425.69,4.4
P0366,2025-04-30,EcoTransit,Transport,Sweden,Analytics & Dashboard,Dataflow,Completed,161,188.5,1075,2311.93,184141.65,72524.65,4.7
P0367,2025-12-18,Fjord Living,Furniture,Denmark,Website,UX,Completed,272,230.9,1200,25185.22,359369.61,193107.35,4.2
P0368,2025-02-04,Arctic Outdoor,Retail,Norway,Digital Marketing,Marketing,On Hold,158,213.4,1100,14806.53,190878.15,32607.83,
P0369,2025-06-08,Luma Beauty,Beauty,Sweden,Digital Marketing,Marketing,On Hold,101,117.4,925,4565.41,101756.59,36757.99,
P0370,2026-03-18,CloudCraft,Software,Denmark,Website,Web,Completed,206,173.6,1050,12938.88,231946.02,109840.91,4.6
P0371,2026-08-12,Luma Beauty,Beauty,Sweden,UX & Design,UX,Completed,215,238.5,1225,26078.66,296846.96,144397.45,4.1
P0372,2026-09-08,Peak Performance Lab,Sports,Norway,Data & Integration,Dataflow,Completed,297,323.7,1350,29796.66,410243.81,215509.72,
P0373,2025-02-26,Fjord Living,Furniture,Denmark,UX & Design,UX,Completed,137,156.3,1125,17369.29,175421.3,73152.48,4.8
P0374,2026-06-24,NordHome,Retail,Denmark,Analytics & Dashboard,BI & Analytics,Completed,82,79.0,1275,5482.31,113540.31,55736.6,4.4
P0375,2026-07-28,Fjord Living,Furniture,Denmark,E-commerce,Commerce,Completed,210,229.7,1250,8708.43,275632.52,127158.46,4.8
P0376,2025-01-24,Fjord Living,Furniture,Denmark,Analytics & Dashboard,BI & Analytics,Completed,53,62.9,1350,2395.71,72882.42,40200.03,
P0377,2026-06-15,Medico North,Healthcare,Denmark,Website,UX,Completed,183,161.5,1000,25197.38,205454.37,77073.01,4.1
P0378,2025-05-14,UrbanNest,Real Estate,Denmark,Digital Marketing,Marketing,Completed,146,124.3,925,10220.52,147285.97,65420.93,4.6
P0379,2025-02-03,PurePet,Pet Care,Denmark,Digital Marketing,Marketing,In Progress,98,107.6,975,4889.71,105943.17,35030.75,
P0380,2026-09-01,Luma Beauty,Beauty,Sweden,Support & Optimization,Commerce,Completed,16,18.4,850,1835.78,15640.82,4874.99,3.7
P0381,2025-11-14,Fjord Living,Furniture,Denmark,Website,Web,Completed,346,282.4,1150,26650.32,411659.02,211786.45,4.0
P0382,2026-02-10,Aurora Travel,Travel,Norway,E-commerce,Web,Completed,430,622.5,1250,43411.47,612279.58,162857.65,3.1
P0383,2025-02-25,Oak & Form,Furniture,Germany,UX & Design,UX,Completed,149,130.2,1250,7402.09,190001.93,109214.01,4.1
P0384,2025-04-29,NorthSea Marine,Maritime,Denmark,Analytics & Dashboard,BI & Analytics,Completed,67,75.9,1175,4292.32,88353.2,37509.59,
P0385,2025-11-13,GreenGrid,Energy,Denmark,Digital Marketing,Marketing,On Hold,121,108.9,1025,7927.32,126543.52,65056.53,
P0386,2025-12-05,Fjord Living,Furniture,Denmark,UX & Design,UX,Completed,91,95.7,1250,9989.38,121590.67,64060.52,5
P0387,2026-07-23,VitaCare,Healthcare,Norway,Digital Marketing,Marketing,On Hold,158,145.7,1025,9382.08,161078.34,54796.69,
P0388,2025-02-04,Baltic Tools,Manufacturing,Sweden,AI & Automation,Development,In Progress,106,106.1,1300,2774.31,145190.95,73813.43,
P0389,2025-12-25,Harbor Hotels,Hospitality,Denmark,UX & Design,UX,Completed,196,202.8,1050,15258.58,212707.43,92268.29,4.4
P0390,2025-11-25,Svea Style,Fashion,Sweden,Website,UX,Completed,210,243.1,1100,11965.46,240993.11,103026.38,3.8
P0391,2025-06-26,UrbanNest,Real Estate,Denmark,Support & Optimization,Commerce,Completed,72,84.2,1150,7666.15,87572.0,32161.55,4.2
P0392,2025-01-01,PurePet,Pet Care,Denmark,E-commerce,Web,Completed,224,281.2,1000,19170.81,245903.39,36840.97,3.8
P0393,2026-02-04,Oak & Form,Furniture,Germany,E-commerce,Web,On Hold,632,620.6,1225,18450.2,750701.64,403445.63,
P0394,2026-05-05,Nexa Components,Manufacturing,Germany,Analytics & Dashboard,Dataflow,Completed,154,180.5,1125,17989.95,198941.95,71688.48,3.9
P0395,2025-09-26,Nexa Components,Manufacturing,Germany,UX & Design,UX,Completed,143,153.0,950,8577.4,143012.51,51463.88,3.8
P0396,2025-08-27,Berg & Co.,B2B Services,Sweden,E-commerce,Web,In Progress,325,341.4,1300,4320.66,429361.36,253322.33,
P0397,2025-03-26,Nexa Components,Manufacturing,Germany,Data & Integration,Dataflow,On Hold,246,271.9,1450,16439.81,375532.9,190800.65,
P0398,2026-06-05,Kite Kids,Retail,Denmark,UX & Design,UX,Completed,204,212.8,1075,10710.14,218201.74,87784.67,4.0
P0399,2025-10-23,Fjord Living,Furniture,Denmark,Digital Marketing,Marketing,Completed,165,179.7,1175,12652.86,216384.14,114693.62,
P0400,2026-02-15,Fjord Living,Furniture,Denmark,Website,UX,Completed,215,222.0,1225,12718.56,264173.03,102878.98,3.7
P0401,2025-03-05,Aurora Travel,Travel,Norway,Support & Optimization,Commerce,Completed,22,22.6,1150,1681.01,27944.05,15357.75,4.9
P0402,2025-06-02,PurePet,Pet Care,Denmark,UX & Design,UX,Completed,116,104.4,1000,8140.88,126585.69,49781.49,3.8
P0403,2026-02-27,Loop Logistics,Logistics,Denmark,Website,Web,In Progress,300,339.5,1100,14686.32,357205.41,148510.63,
P0404,2025-11-02,Medico North,Healthcare,Denmark,E-commerce,Commerce,On Hold,372,386.1,1300,23072.18,493452.2,276522.91,
P0405,2026-08-13,Berg & Co.,B2B Services,Sweden,Analytics & Dashboard,BI & Analytics,Completed,170,204.3,1075,14438.01,199201.74,61531.43,3.5
P0406,2025-02-16,NordHome,Retail,Denmark,Digital Marketing,Marketing,In Progress,176,169.1,1125,14850.06,208659.83,100739.86,
P0407,2025-09-21,Medico North,Healthcare,Denmark,Analytics & Dashboard,BI & Analytics,On Hold,158,162.5,1150,6256.68,179581.46,90689.62,
P0408,2025-09-01,Fjord Living,Furniture,Denmark,Digital Marketing,Marketing,Completed,178,173.5,1200,8216.47,211734.13,120666.03,
P0409,2026-03-26,Nexa Components,Manufacturing,Germany,Website,UX,In Progress,116,106.3,975,6008.03,115254.12,55257.49,
P0410,2026-08-18,Baltic Tools,Manufacturing,Sweden,Analytics & Dashboard,Dataflow,Completed,150,159.6,1350,17879.54,210314.2,90844.81,3.3
P0411,2026-06-14,Medico North,Healthcare,Denmark,Support & Optimization,Commerce,Completed,72,52.5,875,5764.06,74025.13,43093.37,4.0
P0412,2026-01-12,Luma Beauty,Beauty,Sweden,Analytics & Dashboard,BI & Analytics,Completed,131,138.5,1075,11525.02,159765.03,68169.45,4.8
P0413,2026-03-20,Fjord Living,Furniture,Denmark,UX & Design,UX,In Progress,194,123.4,1275,8228.62,263727.07,194888.71,
P0414,2025-03-02,Luma Beauty,Beauty,Sweden,Support & Optimization,Commerce,Completed,20,20.4,950,1071.76,19954.96,9243.28,4.8
P0415,2025-10-20,Fjord Living,Furniture,Denmark,Support & Optimization,Support,In Progress,56,57.2,1100,5712.72,69629.94,31038.32,
P0416,2026-03-29,Aurora Travel,Travel,Norway,Digital Marketing,Marketing,Completed,110,113.9,1050,9772.42,120264.02,52598.71,3.6
P0417,2026-09-26,NordHome,Retail,Denmark,Digital Marketing,Marketing,Completed,133,105.7,1000,6760.97,149872.3,82526.71,4.3
P0418,2025-12-11,Berg & Co.,B2B Services,Sweden,E-commerce,Commerce,On Hold,220,261.9,1150,9041.56,282738.59,119209.12,
P0419,2026-08-09,PurePet,Pet Care,Denmark,Data & Integration,Dataflow,On Hold,135,127.0,1450,6814.73,215282.19,130332.04,
P0420,2026-08-31,CloudCraft,Software,Denmark,E-commerce,Web,Completed,492,543.1,1300,31782.23,691150.46,387248.51,4.4
P0421,2025-08-21,Scandi Foods,Food & Beverage,Norway,UX & Design,UX,Completed,140,120.1,975,14759.98,148177.66,62284.83,
P0422,2026-05-11,Fjord Living,Furniture,Denmark,Data & Integration,Dataflow,In Progress,329,497.1,1275,27619.07,433498.53,88870.89,
P0423,2026-02-20,Medico North,Healthcare,Denmark,Analytics & Dashboard,BI & Analytics,Completed,106,108.0,1150,10285.25,139023.49,70421.27,4.7
P0424,2025-06-30,Arctic Outdoor,Retail,Norway,E-commerce,Web,Completed,392,440.2,1250,7663.47,530979.42,266666.68,3.8
P0425,2026-03-15,CloudCraft,Software,Denmark,Website,Web,Completed,255,288.4,1000,19109.15,262970.17,56264.57,
P0426,2026-09-30,Nexa Components,Manufacturing,Germany,Website,UX,Completed,297,313.5,1050,33544.13,362403.75,155318.57,4.0
P0427,2025-07-19,Aurora Travel,Travel,Norway,E-commerce,Commerce,In Progress,168,156.4,1000,2983.28,168232.22,70439.45,
P0428,2025-05-07,Medico North,Healthcare,Denmark,Support & Optimization,Support,Completed,80,66.5,875,5885.68,72329.18,28461.04,4.3
P0429,2025-06-18,Baltic Tools,Manufacturing,Sweden,E-commerce,Commerce,Completed,440,406.6,1075,25536.02,507910.36,228947.38,4.4
P0430,2025-02-23,Svea Style,Fashion,Sweden,Digital Marketing,Marketing,In Progress,132,121.3,1200,18578.94,170794.84,73831.79,
P0431,2025-09-09,GreenGrid,Energy,Denmark,Data and Integration,Development,In Progress,211,296.5,1150,14186.43,247804.24,42664.23,
P0432,2026-06-07,Scandi Foods,Food & Beverage,Norway,Website,UX,On Hold,206,256.7,1125,5232.28,251700.3,90944.33,
P0433,2026-07-05,Nexa Components,Manufacturing,Germany,Support & Optimization,Web,Completed,43,48.6,1100,2709.83,51547.63,19535.82,3.8
P0434,2026-02-18,Kite Kids,Retail,Denmark,E-commerce,Web,Completed,499,389.5,1275,43502.91,648362.07,384864.31,4.7
P0435,2026-04-07,Oak & Form,Furniture,Germany,Analytics & Dashboard,BI & Analytics,On Hold,121,130.3,1000,6946.74,129703.42,43563.62,
P0436,2025-04-20,Harbor Hotels,Hospitality,Denmark,E-commerce,Web,On Hold,599,525.5,1000,32902.05,615881.39,232133.19,
P0437,2025-09-01,Baltic Tools,Manufacturing,Sweden,E-commerce,Web,Completed,272,321.7,1075,27898.73,324172.08,120854.07,4.5
P0438,2026-06-07,VitaCare,Healthcare,Norway,Data & Integration,Development,Completed,366,402.6,1250,26895.54,467007.59,197710.79,4.6
P0439,2026-01-06,Svea Style,Fashion,Sweden,Digital Marketing,Marketing,Completed,97,118.4,1175,5898.29,128893.24,45678.62,5
P0440,2025-08-16,Hanse Werk,Manufacturing,Germany,Website,UX,In Progress,298,285.5,1250,21803.8,409159.85,200931.93,
P0441,2026-06-15,Peak Performance Lab,Sports,Norway,Digital Marketing,Marketing,Completed,41,41.8,1100,3728.08,50356.88,24160.64,4.2
P0442,2026-02-02,GreenGrid,Energy,Denmark,E-commerce,Web,In Progress,275,300.8,1000,23524.38,317338.85,137313.22,
P0443,2026-05-26,Baltic Tools,Manufacturing,Sweden,UX & Design,UX,Completed,116,159.1,1225,13108.25,148344.35,34015.55,3.9
P0444,2026-04-07,VitaCare,Healthcare,Norway,Website,UX,On Hold,293,280.6,1225,18000.18,397989.69,215057.59,
P0445,2025-03-23,Arctic Outdoor,Retail,Norway,Digital Marketing,Marketing,Completed,105,113.4,1050,7168.38,123219.2,50713.25,4.2
P0446,2026-08-28,CloudCraft,Software,Denmark,AI & Automation,Development,In Progress,82,105.5,1525,7184.44,140622.53,79270.63,
P0447,2026-04-20,PurePet,Pet Care,Denmark,AI & Automation,Development,Completed,119,180.7,1275,10120.3,173004.15,68315.3,3.9
P0448,2025-07-20,Luma Beauty,Beauty,Sweden,Data and Integration,Development,Completed,366,424.3,1275,23050.7,508104.36,266924.11,4.1
P0449,2026-02-12,Svea Style,Fashion,Sweden,Digital Marketing,Marketing,Completed,81,61.6,1225,10237.72,106154.1,64089.77,4.1
P0450,2026-05-17,Medico North,Healthcare,Denmark,Analytics & Dashboard,BI & Analytics,Completed,62,82.3,1125,6053.21,79972.62,23144.5,4.9
P0451,2025-02-17,Hanse Werk,Manufacturing,Germany,Digital Marketing,Marketing,In Progress,75,82.6,1125,6318.81,93962.06,47577.62,
P0452,2025-09-03,EcoTransit,Transport,Sweden,E-commerce,Web,In Progress,372,427.3,1025,29798.31,435895.34,147321.36,
P0453,2026-06-14,UrbanNest,Real Estate,Denmark,E-commerce,Web,Completed,374,397.4,1225,26376.87,487353.8,196316.61,
P0454,2025-05-25,Svea Style,Fashion,Sweden,Analytics & Dashboard,Dataflow,Completed,211,266.6,1025,32188.11,257520.98,95012.89,5
P0455,2025-01-15,UrbanNest,Real Estate,Denmark,Website,UX,Completed,278,260.9,1100,15611.68,327929.42,188498.59,
P0456,2025-01-08,UrbanNest,Real Estate,Denmark,Analytics & Dashboard,BI & Analytics,On Hold,145,155.4,1100,16710.54,186030.83,69570.58,
P0457,2026-04-04,Fjord Living,Furniture,Denmark,AI & Automation,Innovation,Completed,199,232.1,1225,6610.33,246775.91,92824.35,
P0458,2026-01-08,Oak & Form,Furniture,Germany,Digital Marketing,Marketing,Completed,147,194.0,950,18863.51,150237.01,36191.99,4.0
P0459,2025-02-03,Hanse Werk,Manufacturing,Germany,Data & Integration,Dataflow,Completed,158,183.4,1200,11399.61,198570.3,64279.46,4.5
P0460,2025-10-01,Medico North,Healthcare,Denmark,Website,UX,On Hold,217,171.7,1075,11245.36,236700.01,123670.19,
P0461,2025-09-02,Harbor Hotels,Hospitality,Denmark,Data & Integration,Development,Completed,211,227.9,1175,5720.28,252191.14,117413.9,4.8
P0462,2025-02-11,VitaCare,Healthcare,Norway,Digital Marketing,Marketing,Completed,176,127.6,1100,20173.42,210711.52,120118.79,3.7
P0463,2025-01-03,Medico North,Healthcare,Denmark,AI & Automation,Development,On Hold,157,199.4,1375,9326.07,236274.68,110617.07,
P0464,2026-05-12,Scandi Foods,Food & Beverage,Norway,AI & Automation,Innovation,Completed,173,177.0,1375,19575.08,255947.99,137060.52,5
P0465,2025-01-06,NorthSea Marine,Maritime,Denmark,Data & Integration,Development,Completed,272,352.2,1425,2952.14,396615.81,181532.48,3.7
P0466,2025-10-07,Luma Beauty,Beauty,Sweden,Analytics & Dashboard,Dataflow,In Progress,76,86.1,1175,495.48,95226.73,42197.54,
P0467,2025-07-03,Scandi Foods,Food & Beverage,Norway,Analytics & Dashboard,BI & Analytics,Completed,91,100.7,1250,5936.26,124912.82,55072.83,4.2
P0468,2025-09-12,UrbanNest,Real Estate,Denmark,Support & Optimization,Web,In Progress,41,38.2,875,3368.09,40999.62,17532.77,
P0469,2026-09-11,Kite Kids,Retail,Denmark,Digital Marketing,Marketing,Completed,170,238.3,975,16476.55,196270.78,41843.96,2.3
P0470,2025-09-07,Berg & Co.,B2B Services,Sweden,Website,UX,In Progress,155,205.0,1250,7260.39,207196.68,74473.24,
P0471,2025-05-10,CloudCraft,Software,Denmark,Support & Optimization,Web,On Hold,22,26.8,1150,2337.88,26260.94,6110.9,
P0472,2025-06-19,EcoTransit,Transport,Sweden,UX & Design,UX,On Hold,69,81.3,1125,3613.85,85393.4,38150.85,
P0473,2025-04-15,Baltic Tools,Manufacturing,Sweden,Data & Integration,Development,Completed,265,292.3,1450,20749.89,419503.96,220330.34,4.4
P0474,2025-02-18,PurePet,Pet Care,Denmark,AI & Automation,Innovation,Completed,195,207.2,1225,10476.16,238355.58,110030.98,4.3
P0475,2025-07-14,Peak Performance Lab,Sports,Norway,Website,UX,Completed,212,216.3,1100,28670.56,254774.1,113434.66,
P0476,2026-06-06,Kite Kids,Retail,Denmark,Analytics & Dashboard,BI & Analytics,Completed,48,50.3,1000,4671.72,49838.71,15389.43,4.0
P0477,2025-05-09,VitaCare,Healthcare,Norway,Analytics & Dashboard,Dataflow,Completed,61,59.2,1200,4705.3,76754.25,36104.36,4.0
P0478,2026-08-27,Luma Beauty,Beauty,Sweden,UX & Design,UX,Completed,133,128.1,1025,18809.68,146362.59,43848.29,4.9
P0479,2025-06-09,Luma Beauty,Beauty,Sweden,Website,UX,Completed,113,128.5,975,8671.18,124122.38,36536.78,
P0480,2025-08-09,EcoTransit,Transport,Sweden,Website,Web,On Hold,177,188.0,1250,21972.44,241889.8,93801.34,
P0481,2025-03-13,Svea Style,Fashion,Sweden,Support & Optimization,Support,Completed,55,59.8,1075,4196.54,67902.65,25682.73,4.0
P0482,2026-01-11,Luma Beauty,Beauty,Sweden,Website,UX,On Hold,122,109.5,1050,9357.58,143365.39,79862.97,
P0483,2025-11-17,VitaCare,Healthcare,Norway,AI & Automation,Development,Completed,131,153.4,1450,11105.3,211109.1,108587.03,4.6
P0484,2025-09-25,Nexa Components,Manufacturing,Germany,Analytics & Dashboard,BI & Analytics,In Progress,121,119.8,1325,8586.95,177345.01,106334.4,
P0485,2025-04-12,Luma Beauty,Beauty,Sweden,AI & Automation,Innovation,Completed,280,327.9,1550,19627.5,447527.73,242747.64,4.7
P0486,2026-06-14,Harbor Hotels,Hospitality,Denmark,Digital Marketing,Marketing,Completed,140,114.7,925,6343.38,145496.14,68630.12,
P0487,2026-04-07,EcoTransit,Transport,Sweden,E-commerce,Commerce,In Progress,617,552.0,1275,23902.1,786126.1,395670.12,
P0488,2025-01-20,Nexa Components,Manufacturing,Germany,E-commerce,Web,Completed,402,363.1,1300,7487.17,534688.83,345199.69,5
P0489,2025-10-16,PurePet,Pet Care,Denmark,UX & Design,UX,Completed,76,77.8,1050,5847.78,85172.12,34026.08,5
P0490,2025-10-26,Luma Beauty,Beauty,Sweden,Analytics & Dashboard,Dataflow,Completed,183,208.3,1375,13130.54,250715.79,122316.76,
P0491,2025-04-07,GreenGrid,Energy,Denmark,E-commerce,Web,Completed,232,223.0,1225,10925.88,301697.67,140393.35,4.1
P0492,2026-05-16,PurePet,Pet Care,Denmark,Website,Web,Completed,160,132.8,1200,10915.29,203421.35,113023.59,4.1
P0493,2025-05-16,Oak & Form,Furniture,Germany,Website,UX,On Hold,230,211.8,1250,28123.76,309138.07,156100.33,
P0494,2025-08-06,Aurora Travel,Travel,Norway,Data and Integration,Dataflow,In Progress,219,164.4,1325,12509.29,310648.27,211764.48,
P0495,2025-06-17,Kite Kids,Retail,Denmark,E-commerce,Commerce,Completed,578,536.7,1025,45110.95,614544.28,234598.98,4.2
P0496,2025-07-03,CloudCraft,Software,Denmark,Digital Marketing,Marketing,Completed,128,126.6,925,12421.39,138019.74,45093.1,3.9
P0497,2025-02-09,Berg & Co.,B2B Services,Sweden,AI/Automation,Development,Completed,176,235.4,1550,6442.29,262857.29,120247.77,3.9
P0498,2026-07-11,PurePet,Pet Care,Denmark,Support & Optimization,Web,Completed,61,45.8,1125,0,71669.4,42100.95,4.0
P0499,2025-12-17,VitaCare,Healthcare,Norway,Data & Integration,Development,Completed,353,415.8,1350,27558.05,499173.53,272151.85,4.3
P0500,2025-02-04,Aurora Travel,Travel,Norway,Analytics & Dashboard,Dataflow,On Hold,152,106.8,1250,3651.61,198747.08,124227.14,
P0501,2025-05-13,Arctic Outdoor,Retail,Norway,E-commerce,Commerce,On Hold,637,714.1,1100,41155.84,783018.82,285317.82,
P0502,2025-06-29,Fjord Living,Furniture,Denmark,Data & Integration,Development,Completed,229,351.3,1275,9379.17,313362.02,104556.23,3.1
P0503,2026-02-28,Scandi Foods,Food & Beverage,Norway,E-commerce,Commerce,On Hold,337,388.0,1225,20097.43,423744.64,167552.41,
P0504,2026-04-25,Kite Kids,Retail,Denmark,Website,UX,Completed,224,161.5,1025,14836.69,259647.33,144173.27,
P0505,2025-07-17,Nexa Components,Manufacturing,Germany,UX & Design,UX,Completed,236,220.2,1200,16301.17,289778.12,165815.18,4.0
P0506,2025-03-12,Oak & Form,Furniture,Germany,Data & Integration,Dataflow,Completed,184,209.1,1350,14867.41,253668.43,120404.38,3.9
P0507,2026-01-10,Baltic Tools,Manufacturing,Sweden,Support & Optimization,Web,Completed,76,91.1,1050,0,78573.8,18659.31,
P0508,2026-01-17,Svea Style,Fashion,Sweden,Website,Web,Completed,345,339.1,1100,33363.27,393257.31,174309.75,4.3
P0509,2026-01-01,Svea Style,Fashion,Sweden,Support & Optimization,Support,Completed,56,48.8,1075,5581.44,69467.86,34827.49,4.4
P0510,2025-10-02,Luma Beauty,Beauty,Sweden,Data & Integration,Dataflow,Completed,236,268.0,1325,17547.7,325637.68,174637.39,
P0511,2025-08-31,Hanse Werk,Manufacturing,Germany,Website,Web,Completed,334,314.9,1050,4402.55,341714.53,170705.97,4.9
P0512,2025-01-30,Loop Logistics,Logistics,Denmark,E-commerce,Commerce,On Hold,537,509.2,1075,41171.8,610410.35,299844.54,
P0513,2025-10-02,PurePet,Pet Care,Denmark,Website,Web,On Hold,156,141.3,1200,9754.09,208520.62,125358.51,
P0514,2026-09-25,Nexa Components,Manufacturing,Germany,E-commerce,Web,Completed,581,510.8,1050,70797.48,692933.48,311834.01,5
P0515,2026-08-17,Scandi Foods,Food & Beverage,Norway,Data & Integration,Development,Completed,449,566.3,1100,34996.77,503359.22,167113.25,4.5
P0516,2025-09-27,Oak & Form,Furniture,Germany,Data & Integration,Development,Completed,283,341.0,1175,21437.07,336756.43,103245.18,3.9
P0517,2025-07-30,Baltic Tools,Manufacturing,Sweden,UX & Design,UX,Completed,196,201.4,1125,16908.14,235712.58,111851.77,4.9
P0518,2026-07-10,Harbor Hotels,Hospitality,Denmark,E-commerce,Commerce,On Hold,243,309.5,1075,12823.56,285394.11,86173.79,
P0519,2026-03-01,CloudCraft,Software,Denmark,Analytics & Dashboard,Dataflow,Completed,206,151.6,1100,17108.38,255271.61,147358.43,4.5
P0520,2026-05-03,Baltic Tools,Manufacturing,Sweden,Support & Optimization,Web,Completed,70,51.1,975,3442.48,70084.25,40019.53,4.3
P0521,2025-10-01,GreenGrid,Energy,Denmark,Data & Integration,Development,Completed,390,492.7,1300,24640.38,527820.79,172573.05,3.7
P0522,2025-10-23,Loop Logistics,Logistics,Denmark,Data & Integration,Dataflow,Completed,291,326.8,1300,20036.97,389723.99,215525.26,3.7
P0523,2025-09-30,PurePet,Pet Care,Denmark,AI & Automation,Development,Completed,167,159.9,1425,13924.95,260529.51,143223.55,3.7
P0524,2026-09-13,NordHome,Retail,Denmark,Analytics & Dashboard,BI & Analytics,On Hold,62,54.0,1325,1647.78,90006.67,53036.63,
P0525,2025-04-20,VitaCare,Healthcare,Norway,Analytics & Dashboard,Dataflow,Completed,79,90.2,1150,6788.43,103907.38,39207.72,4.6
P0526,2025-04-17,Medico North,Healthcare,Denmark,Data & Integration,Dataflow,On Hold,475,535.0,1450,25459.02,726499.45,355414.0,
P0527,2025-10-15,Harbor Hotels,Hospitality,Denmark,Data & Integration,Development,Completed,178,227.5,1275,17185.96,254635.65,123620.52,4.1
P0528,2026-05-09,Berg & Co.,B2B Services,Sweden,UX & Design,UX,In Progress,144,129.1,1250,11464.87,191869.15,106086.29,
P0529,2025-11-13,EcoTransit,Transport,Sweden,Data & Integration,Development,Completed,432,578.1,1225,49821.16,570921.45,234065.35,3.9
P0530,2026-03-13,Arctic Outdoor,Retail,Norway,Digital Marketing,Marketing,On Hold,90,93.5,1000,1170.44,89523.11,26296.97,
P0531,2026-02-01,EcoTransit,Transport,Sweden,UX & Design,UX,In Progress,236,215.6,1225,25848.13,302307.62,169200.41,
P0532,2025-06-12,Arctic Outdoor,Retail,Norway,E-commerce,Commerce,Completed,409,325.2,1100,17136.45,464913.77,264739.8,4.4
P0533,2025-07-09,GreenGrid,Energy,Denmark,Support & Optimization,Web,Completed,58,63.4,1100,3078.71,64634.04,24191.72,4.5
P0534,2026-05-29,PurePet,Pet Care,Denmark,Data & Integration,Dataflow,Completed,312,305.3,1125,13333.99,362831.4,157621.54,5
P0535,2026-03-02,PurePet,Pet Care,Denmark,Digital Marketing,Marketing,Completed,84,74.4,925,8587.6,88355.45,42875.8,4.5
P0536,2026-09-21,NordHome,Retail,Denmark,Analytics & Dashboard,Dataflow,Completed,74,62.4,1025,4174.04,81721.63,41316.81,4.5
P0537,2026-02-19,Oak & Form,Furniture,Germany,Support & Optimization,Commerce,Completed,38,43.6,1100,3208.56,47682.43,18006.12,4.7
P0538,2025-08-07,Baltic Tools,Manufacturing,Sweden,UX & Design,UX,On Hold,118,137.8,1050,5309.9,122289.1,46245.64,
P0539,2025-02-11,Luma Beauty,Beauty,Sweden,E-commerce,Commerce,Completed,461,523.4,1225,48285.2,637206.7,328222.87,
P0540,2026-08-30,PurePet,Pet Care,Denmark,E-commerce,Web,Completed,278,279.5,1100,25970.29,333986.9,144160.48,4.5
P0541,2025-10-03,NorthSea Marine,Maritime,Denmark,Data & Integration,Development,In Progress,371,411.4,1200,32340.49,488010.07,232234.88,
P0542,2026-07-15,Medico North,Healthcare,Denmark,E-commerce,Commerce,On Hold,610,530.6,1000,51399.39,677563.76,296662.42,
P0543,2026-07-09,NorthSea Marine,Maritime,Denmark,Support & Optimization,Commerce,Completed,69,59.1,1050,2242.41,72361.42,36408.85,4.5
P0544,2025-04-05,NorthSea Marine,Maritime,Denmark,Analytics & Dashboard,Dataflow,Completed,132,128.9,1125,17395.03,163254.61,66268.39,
P0545,2026-06-26,NorthSea Marine,Maritime,Denmark,E-commerce,Web,Completed,432,432.2,1350,15884.47,636122.64,336930.8,4.4
P0546,2026-03-08,GreenGrid,Energy,Denmark,Website,Web,Completed,341,386.4,1000,10133.23,343350.83,137813.05,4.1
P0547,2025-11-18,Hanse Werk,Manufacturing,Germany,E-commerce,Web,Completed,590,518.2,1250,60425.99,836361.45,451427.08,4.5
P0548,2025-06-07,UrbanNest,Real Estate,Denmark,UX & Design,UX,In Progress,235,243.0,1200,25976.07,310168.78,157642.76,
P0549,2026-02-23,Harbor Hotels,Hospitality,Denmark,Website,UX,Completed,350,314.6,1225,41421.09,453375.35,241790.38,4.6
P0550,2025-05-01,EcoTransit,Transport,Sweden,Analytics & Dashboard,Dataflow,Completed,193,183.3,1150,19041.43,245037.45,132600.35,4.6
P0551,2025-10-10,Svea Style,Fashion,Sweden,Support & Optimization,Support,Completed,31,27.7,850,2606.08,27760.12,7283.02,4.7
P0552,2026-06-25,Baltic Tools,Manufacturing,Sweden,Digital Marketing,Marketing,On Hold,179,138.6,1200,15944.41,242113.08,152652.46,
P0553,2025-08-30,CloudCraft,Software,Denmark,Support & Optimization,Web,Completed,66,66.4,1150,2346.48,77574.68,32647.93,5
P0554,2025-07-15,Peak Performance Lab,Sports,Norway,E-commerce,Commerce,In Progress,611,682.4,1150,53275.83,723046.71,248676.45,
P0555,2025-02-20,EcoTransit,Transport,Sweden,Analytics & Dashboard,Dataflow,On Hold,94,105.6,1300,12470.39,131611.25,48612.26,
P0556,2026-09-27,Baltic Tools,Manufacturing,Sweden,Support & Optimization,Web,Completed,38,32.2,1075,1109.31,43307.18,24350.91,5.0
P0557,2026-04-05,UrbanNest,Real Estate,Denmark,Support & Optimization,Commerce,On Hold,15,15.8,1000,724.37,16075.34,4975.71,
P0558,2026-04-13,EcoTransit,Transport,Sweden,AI & Automation,Development,Completed,89,91.8,1525,7994.53,143066.22,77189.34,4.0
P0559,2026-08-25,Kite Kids,Retail,Denmark,Support & Optimization,Commerce,In Progress,85,106.4,1100,7268.42,101204.72,23450.13,
P0560,2026-05-05,UrbanNest,Real Estate,Denmark,AI & Automation,Innovation,Completed,171,171.0,1175,10221.32,209001.44,115842.94,
P0561,2025-10-05,Baltic Tools,Manufacturing,Sweden,E-commerce,Web,Completed,175,185.8,1100,14658.76,214921.13,89163.13,4.2
P0562,2026-08-17,Loop Logistics,Logistics,Denmark,Support & Optimization,Commerce,In Progress,59,56.1,1100,3589.71,67387.86,26858.86,
P0563,2026-08-16,NordHome,Retail,Denmark,AI & Automation,Innovation,Completed,284,391.9,1325,25503.33,405111.23,116761.67,3.9
P0564,2026-04-21,Harbor Hotels,Hospitality,Denmark,Data & Integration,Development,In Progress,210,214.2,1150,7092.87,249025.29,129567.06,
P0565,2025-06-06,Kite Kids,Retail,Denmark,AI & Automation,Development,Completed,163,221.1,1500,8456.15,258860.65,117925.96,
P0566,2025-09-24,Medico North,Healthcare,Denmark,AI & Automation,Innovation,On Hold,238,370.1,1450,5894.59,347908.98,135870.73,
P0567,2025-06-28,Peak Performance Lab,Sports,Norway,AI & Automation,Innovation,In Progress,283,370.0,1150,10051.29,350716.73,99535.41,
P0568,2026-06-21,GreenGrid,Energy,Denmark,Website,UX,Completed,142,71.2,1100,7484.76,155985.51,109124.79,4.4
P0569,2025-08-02,GreenGrid,Energy,Denmark,Website,UX,On Hold,128,139.6,1200,9511.09,171927.96,82204.73,
P0570,2026-06-16,Svea Style,Fashion,Sweden,UX & Design,UX,Completed,239,193.2,1200,12797.34,315699.57,177566.41,
P0571,2025-03-12,Medico North,Healthcare,Denmark,Digital Marketing,Marketing,Completed,141,151.9,1150,11688.22,164179.59,54423.55,4.2
P0572,2025-04-08,UrbanNest,Real Estate,Denmark,E-commerce,Commerce,Completed,260,283.5,1200,20128.28,315149.32,128981.99,4.5
P0573,2025-10-28,Medico North,Healthcare,Denmark,E-commerce,Web,Completed,410,440.0,1250,26271.71,572906.95,249884.3,
P0574,2026-09-30,Kite Kids,Retail,Denmark,Website,Web,On Hold,132,121.1,1150,7085.16,157969.75,70675.75,
P0575,2025-02-23,Kite Kids,Retail,Denmark,UX & Design,UX,On Hold,153,150.2,1025,12252.85,161260.69,67884.2,
P0576,2025-07-30,CloudCraft,Software,Denmark,Support & Optimization,Web,Completed,32,31.3,1025,3229.92,35399.42,12114.4,3.7
P0577,2025-01-28,Baltic Tools,Manufacturing,Sweden,Digital Marketing,Marketing,Completed,100,83.0,925,11037.58,102788.14,47655.46,4.5
P0578,2025-04-12,NorthSea Marine,Maritime,Denmark,Support & Optimization,Support,Completed,33,32.5,850,2143.78,30198.02,6072.83,4.8
P0579,2026-09-28,Oak & Form,Furniture,Germany,Digital Marketing,Marketing,Completed,77,46.4,975,3025.16,83522.79,50026.43,4.2
P0580,2026-03-18,EcoTransit,Transport,Sweden,Analytics & Dashboard,BI & Analytics,On Hold,126,135.7,1375,3929.63,185188.26,116833.84,
P0581,2026-04-02,NordHome,Retail,Denmark,Website,Web,Completed,127,109.9,1175,7658.82,151375.4,80487.56,4.4
P0582,2025-04-24,Hanse Werk,Manufacturing,Germany,Website,Web,Completed,200,197.4,1200,16842.41,255309.93,106035.45,4.3
P0583,2025-05-21,Harbor Hotels,Hospitality,Denmark,Digital Marketing,Marketing,Completed,39,35.1,1075,3986.37,48990.73,25397.17,4.7
P0584,2026-09-16,Harbor Hotels,Hospitality,Denmark,Data & Integration,Dataflow,Completed,460,500.3,1225,17375.48,615673.45,331902.66,3.8
P0585,2025-02-03,UrbanNest,Real Estate,Denmark,Analytics & Dashboard,Dataflow,Completed,107,104.0,1400,5603.79,159552.34,100123.33,
P0586,2025-10-28,Arctic Outdoor,Retail,Norway,Analytics & Dashboard,BI & Analytics,In Progress,102,124.4,1150,5839.1,119498.36,49588.54,
P0587,2025-03-12,Fjord Living,Furniture,Denmark,E-commerce,Commerce,Completed,395,346.7,1100,20873.56,432073.19,231249.24,4.5
P0588,2025-07-19,VitaCare,Healthcare,Norway,Digital Marketing,Marketing,On Hold,156,170.0,950,7647.04,161344.87,53239.24,
P0589,2025-04-25,Aurora Travel,Travel,Norway,Data & Integration,Development,Completed,434,351.2,1100,24761.63,486140.49,282907.12,
P0590,2026-09-04,Loop Logistics,Logistics,Denmark,E-commerce,Commerce,In Progress,298,341.0,1000,36407.29,321229.7,111832.0,
P0591,2025-10-14,Fjord Living,Furniture,Denmark,Website,Web,Completed,262,221.1,1000,11878.79,263228.12,147253.16,
P0592,2025-07-08,Aurora Travel,Travel,Norway,Analytics & Dashboard,BI & Analytics,Completed,143,136.8,1125,11715.21,166885.9,65719.76,4.6
P0593,2025-09-24,Arctic Outdoor,Retail,Norway,E-commerce,Commerce,In Progress,518,566.4,1125,55284.46,604431.71,218257.1,
P0594,2025-07-19,VitaCare,Healthcare,Norway,UX & Design,UX,In Progress,216,198.6,1175,12241.51,266298.49,131041.88,
P0595,2025-12-17,Peak Performance Lab,Sports,Norway,Website,UX,Completed,210,225.1,975,4431.22,215608.93,88175.37,4.4
P0596,2025-03-22,Luma Beauty,Beauty,Sweden,Website,Web,On Hold,346,363.1,1200,20388.13,429319.05,218163.61,
P0597,2025-06-05,Peak Performance Lab,Sports,Norway,Website,UX,In Progress,148,125.8,1250,14646.64,191710.3,100444.64,
P0598,2026-02-18,Loop Logistics,Logistics,Denmark,E-commerce,Web,Completed,204,227.8,1200,10961.32,260305.88,130502.71,4.5
P0599,2026-09-21,EcoTransit,Transport,Sweden,Data & Integration,Dataflow,Completed,193,199.2,1400,50.97,272020.32,142177.17,3.8
P0600,2026-07-11,Baltic Tools,Manufacturing,Sweden,Digital Marketing,Marketing,Completed,82,93.5,1100,4413.28,97648.48,34380.28,4.8
P0601,2026-08-17,VitaCare,Healthcare,Norway,UX & Design,UX,Completed,114,154.0,1250,11893.76,165852.56,68334.27,
P0602,2025-07-28,Hanse Werk,Manufacturing,Germany,Digital Marketing,Marketing,Completed,135,121.1,1075,10019.63,152193.61,79315.45,
P0603,2026-03-10,PurePet,Pet Care,Denmark,E-commerce,Commerce,On Hold,331,326.8,1200,20046.77,411671.44,198081.38,
P0604,2025-12-15,Peak Performance Lab,Sports,Norway,UX & Design,UX,In Progress,74,82.9,1275,4103.58,96549.92,37459.01,
P0605,2025-10-10,UrbanNest,Real Estate,Denmark,Website,Web,Completed,125,124.8,1050,7467.12,141961.59,50329.34,4.3
P0606,2025-01-21,EcoTransit,Transport,Sweden,Support & Optimization,Web,Completed,40,45.6,1050,1779.65,43307.15,19046.52,4.4
P0607,2025-07-06,Loop Logistics,Logistics,Denmark,Digital Marketing,Marketing,On Hold,148,198.8,975,4239.13,149924.17,48068.33,
P0608,2026-02-20,Kite Kids,Retail,Denmark,UX & Design,UX,Completed,131,148.3,1275,10413.45,178681.52,92299.92,5
P0609,2025-08-21,Nexa Components,Manufacturing,Germany,AI & Automation,Innovation,Completed,164,212.5,1475,11143.29,244616.12,132719.72,3.7
P0610,2025-11-25,NordHome,Retail,Denmark,E-commerce,Web,Completed,643,580.7,1050,67669.82,761864.43,325069.26,4.7
P0611,2026-07-22,Medico North,Healthcare,Denmark,Support & Optimization,Web,Completed,44,46.7,925,1272.48,39938.31,11260.48,4.4
P0612,2025-11-11,CloudCraft,Software,Denmark,AI & Automation,Innovation,Completed,244,227.3,1400,29071.56,385859.28,213436.09,5
P0613,2026-02-06,Medico North,Healthcare,Denmark,E-commerce,Web,Completed,575,371.1,1250,23191.23,702986.78,441320.88,4.2
P0614,2026-05-23,CloudCraft,Software,Denmark,UX & Design,UX,On Hold,145,120.8,975,12430.2,146658.39,75419.8,
P0615,2025-08-16,Oak & Form,Furniture,Germany,E-commerce,Web,Completed,497,457.3,1200,7388.76,629849.47,355132.09,4.4
P0616,2026-07-09,VitaCare,Healthcare,Norway,UX & Design,UX,Completed,138,176.4,1100,7677.81,152700.58,35592.59,3.6
P0617,2026-08-09,CloudCraft,Software,Denmark,E-commerce,Commerce,In Progress,577,584.2,1050,45096.09,632272.89,194274.37,
P0618,2025-10-05,EcoTransit,Transport,Sweden,Data & Integration,Development,Completed,443,468.9,1450,32535.83,711591.01,413518.95,
P0619,2026-08-12,Baltic Tools,Manufacturing,Sweden,Data & Integration,Dataflow,Completed,396,553.6,1400,43840.57,575423.19,218293.78,4.1
P0620,2026-05-02,EcoTransit,Transport,Sweden,Analytics & Dashboard,Dataflow,Completed,94,118.4,1275,9702.47,129025.96,49974.96,3.9
P0621,2025-10-29,Berg & Co.,B2B Services,Sweden,Data & Integration,Development,Completed,266,305.6,1450,8234.12,399211.97,244838.14,4.0
P0622,2025-09-08,EcoTransit,Transport,Sweden,AI & Automation,Innovation,In Progress,154,208.6,1450,12686.4,242056.46,90520.46,
P0623,2025-01-16,Luma Beauty,Beauty,Sweden,Digital Marketing,Marketing,Completed,57,50.7,925,1923.66,56518.75,24575.81,4.6
P0624,2025-08-07,Aurora Travel,Travel,Norway,Support & Optimization,Web,Completed,41,33.3,975,3577.47,41813.59,18750.96,3.8
P0625,2026-05-23,Arctic Outdoor,Retail,Norway,AI & Automation,Development,Completed,149,182.8,1450,3265.48,231522.49,119082.78,
P0626,2026-09-13,Nexa Components,Manufacturing,Germany,Digital Marketing,Marketing,Completed,54,54.8,1125,4105.13,67974.07,33911.31,
P0627,2025-06-15,CloudCraft,Software,Denmark,Analytics & Dashboard,BI & Analytics,Completed,161,166.3,1325,13473.29,228888.63,107179.87,4.2
P0628,2025-11-09,PurePet,Pet Care,Denmark,E-commerce,Commerce,Completed,444,535.9,1200,28595.0,532804.2,223982.85,3.6
P0629,2025-09-03,Kite Kids,Retail,Denmark,AI & Automation,Development,Completed,162,198.9,1150,8020.16,197524.93,77627.38,5
P0630,2026-04-21,PurePet,Pet Care,Denmark,Website,UX,In Progress,334,350.0,1225,30982.25,471555.17,209225.09,
P0631,2025-02-23,Loop Logistics,Logistics,Denmark,Analytics & Dashboard,BI & Analytics,Completed,126,148.6,1400,6006.6,195639.25,103672.7,3.8
P0632,2026-09-17,PurePet,Pet Care,Denmark,E-commerce,Commerce,Completed,264,285.2,1025,17547.07,271813.75,78261.99,4.5
P0633,2026-07-30,Kite Kids,Retail,Denmark,E-commerce,Commerce,Completed,457,387.1,1200,37035.6,593856.94,312468.62,
P0634,2026-04-09,UrbanNest,Real Estate,Denmark,Support & Optimization,Commerce,On Hold,61,55.4,1025,3114.12,70075.92,29755.63,
P0635,2025-08-26,Loop Logistics,Logistics,Denmark,UX & Design,UX,Completed,120,113.7,1300,6162.0,160906.77,98599.27,4.7
P0636,2026-04-03,Baltic Tools,Manufacturing,Sweden,Analytics & Dashboard,BI & Analytics,On Hold,121,129.8,1400,2061.48,175344.97,100714.37,
P0637,2025-03-21,Harbor Hotels,Hospitality,Denmark,Support & Optimization,Commerce,Completed,41,43.6,950,3027.74,43035.31,18934.46,
P0638,2026-02-28,EcoTransit,Transport,Sweden,Website,Web,On Hold,126,133.5,1050,9089.31,142590.45,50649.03,
P0639,2026-04-04,Loop Logistics,Logistics,Denmark,Analytics & Dashboard,Dataflow,Completed,117,118.1,1025,8415.07,127074.17,52384.55,4.5
P0640,2025-02-25,Baltic Tools,Manufacturing,Sweden,AI & Automation,Development,Completed,294,353.3,1275,10234.25,387572.3,206440.72,4.3
P0641,2026-09-08,Hanse Werk,Manufacturing,Germany,UX & Design,UX,Completed,109,133.2,1025,6768.49,112864.84,21126.37,3.4
P0642,2026-07-22,NorthSea Marine,Maritime,Denmark,Support & Optimization,Commerce,On Hold,82,78.4,1000,7778.17,95388.98,40307.7,
P0643,2025-11-11,Svea Style,Fashion,Sweden,E-commerce,Web,Completed,382,305.0,1175,27717.33,482451.62,284541.6,4.9
P0644,2025-10-09,UrbanNest,Real Estate,Denmark,Data & Integration,Dataflow,Completed,277,280.2,1250,26176.89,401085.08,204892.12,4.7
P0645,2026-01-27,PurePet,Pet Care,Denmark,Website,UX,Completed,266,165.0,1200,23611.32,359023.49,241208.7,4.7
P0646,2026-07-14,Hanse Werk,Manufacturing,Germany,Analytics & Dashboard,Dataflow,Completed,176,161.3,1200,11301.55,227767.06,139222.71,4.5
P0647,2026-05-15,Aurora Travel,Travel,Norway,E-commerce,Commerce,On Hold,268,311.4,1175,4286.33,320526.01,119609.35,
P0648,2026-06-06,VitaCare,Healthcare,Norway,E-commerce,Web,In Progress,319,302.7,1025,25590.16,341922.11,152862.29,
P0649,2025-08-14,EcoTransit,Transport,Sweden,Website,Web,In Progress,285,220.8,975,21209.02,305582.96,164888.94,
P0650,2026-08-16,GreenGrid,Energy,Denmark,Data & Integration,Development,In Progress,381,531.3,1400,21856.75,597028.03,219661.9,
P0651,2026-07-24,NorthSea Marine,Maritime,Denmark,E-commerce,Web,Completed,433,510.7,1000,32272.14,450688.22,172454.59,4.3
P0652,2026-08-24,NordHome,Retail,Denmark,Analytics & Dashboard,Dataflow,On Hold,215,280.8,1175,20285.0,280753.67,83968.81,
P0653,2025-12-02,EcoTransit,Transport,Sweden,Website,Web,Completed,285,336.4,975,17667.63,300746.96,78509.64,4.2
P0654,2025-07-27,Oak & Form,Furniture,Germany,Analytics & Dashboard,Dataflow,Completed,90,95.4,1325,8081.21,132304.06,75848.23,3.6
P0655,2026-07-21,Oak & Form,Furniture,Germany,UX & Design,UX,Completed,112,112.6,1100,5258.57,127732.21,60863.97,3.8
P0656,2025-08-26,Peak Performance Lab,Sports,Norway,Data & Integration,Development,Completed,396,448.7,1150,26933.37,474848.31,145356.43,4.4
P0657,2025-12-16,NordHome,Retail,Denmark,Support & Optimization,Commerce,Completed,85,83.5,1150,4471.21,105409.87,47457.89,4.7
P0658,2026-02-10,PurePet,Pet Care,Denmark,Analytics & Dashboard,BI & Analytics,Completed,114,116.0,1125,13037.54,149261.71,69208.71,
P0659,2025-02-26,Hanse Werk,Manufacturing,Germany,Analytics & Dashboard,Dataflow,Completed,87,89.3,1375,10551.71,138190.85,73174.34,
P0660,2025-12-27,Kite Kids,Retail,Denmark,Data & Integration,Development,Completed,302,425.6,1350,22140.56,444796.85,161974.79,
P0661,2025-03-14,Aurora Travel,Travel,Norway,Data & Integration,Development,Completed,456,555.6,1350,22877.82,641047.31,280969.36,3.7
P0662,2025-04-27,Kite Kids,Retail,Denmark,Website,UX,In Progress,178,156.0,1200,10670.71,226991.76,131871.56,
P0663,2025-10-11,Loop Logistics,Logistics,Denmark,E-commerce,Commerce,Completed,357,377.0,1100,32524.64,427914.36,159207.59,4.2
P0664,2026-05-14,Arctic Outdoor,Retail,Norway,E-commerce,Web,Completed,492,466.7,1350,41847.53,696202.8,384817.16,4.4
P0665,2026-01-21,Arctic Outdoor,Retail,Norway,Digital Marketing,Marketing,Completed,164,171.6,1250,13832.29,228890.05,109625.24,
P0666,2026-02-23,Hanse Werk,Manufacturing,Germany,Website,Web,In Progress,313,244.7,1225,26401.73,396776.16,205305.55,
P0667,2025-04-21,Peak Performance Lab,Sports,Norway,Website,UX,In Progress,119,142.2,1250,8494.3,159018.6,62876.45,
P0668,2026-07-02,Aurora Travel,Travel,Norway,Data & Integration,Dataflow,Completed,392,467.1,1300,38749.51,533902.36,216652.44,3.6
P0669,2026-05-25,PurePet,Pet Care,Denmark,UX & Design,UX,Completed,130,133.8,950,9953.46,137422.35,46031.92,
P0670,2025-11-26,EcoTransit,Transport,Sweden,Support & Optimization,Web,Completed,37,35.9,900,2390.49,36461.18,15348.48,4.3
P0671,2025-05-19,VitaCare,Healthcare,Norway,Data and Integration,Dataflow,In Progress,187,203.4,1375,17227.56,260749.99,124002.76,
P0672,2025-06-22,Scandi Foods,Food & Beverage,Norway,Website,Web,On Hold,99,94.8,1200,5267.59,126346.34,75910.15,
P0673,2026-06-07,Nexa Components,Manufacturing,Germany,Website,Web,Completed,281,224.7,1250,26501.0,387332.47,222528.91,4.5
P0674,2026-08-01,VitaCare,Healthcare,Norway,Support & Optimization,Commerce,Completed,82,75.8,1150,6139.67,102275.43,55663.53,4.6
P0675,2025-10-10,Peak Performance Lab,Sports,Norway,Support & Optimization,Web,Completed,80,49.6,1100,6287.22,95534.52,59236.25,4.4
P0676,2025-02-22,Loop Logistics,Logistics,Denmark,AI & Automation,Development,Completed,157,159.3,1275,7919.37,219310.07,113087.79,4.5
P0677,2025-11-12,GreenGrid,Energy,Denmark,Digital Marketing,Marketing,Completed,179,184.4,1200,13986.58,226175.16,106287.21,3.8
P0678,2025-05-24,NordHome,Retail,Denmark,Analytics & Dashboard,Dataflow,Completed,91,98.6,1000,6715.86,101802.82,28238.67,3.9
P0679,2025-03-18,GreenGrid,Energy,Denmark,Data & Integration,Development,On Hold,171,181.1,1275,5939.23,227777.23,123130.37,
P0680,2025-10-13,Harbor Hotels,Hospitality,Denmark,UX & Design,UX,On Hold,101,125.4,1050,11956.64,121140.77,45707.53,
P0681,2026-02-21,EcoTransit,Transport,Sweden,Analytics & Dashboard,BI & Analytics,Completed,128,122.9,1300,10146.04,189850.85,98740.0,
P0682,2026-08-30,Peak Performance Lab,Sports,Norway,UX & Design,UX,Completed,67,81.9,1100,2070.29,76585.61,32076.37,3.8
P0683,2026-06-08,Peak Performance Lab,Sports,Norway,Data and Integration,Development,Completed,511,598.4,1350,16130.15,721672.44,341941.52,3.9
P0684,2026-06-05,Svea Style,Fashion,Sweden,UX & Design,UX,Completed,186,229.4,1300,9428.31,267528.98,135705.23,
P0685,2026-02-23,Svea Style,Fashion,Sweden,Support & Optimization,Web,Completed,64,71.8,850,3010.0,56629.35,10559.72,
P0686,2025-11-13,CloudCraft,Software,Denmark,Data & Integration,Development,Completed,467,470.8,1150,37885.28,593225.04,244871.52,
P0687,2025-11-30,Luma Beauty,Beauty,Sweden,AI & Automation,Development,Completed,283,332.3,1400,27815.8,407960.98,208906.57,4.8
P0688,2026-09-26,NordHome,Retail,Denmark,Digital Marketing,Marketing,Completed,103,91.5,1000,12071.34,115492.9,45873.66,5.0
P0689,2025-01-01,Arctic Outdoor,Retail,Norway,E-commerce,Web,On Hold,559,559.0,1125,57694.52,686471.06,300801.8,
P0690,2025-03-24,Oak & Form,Furniture,Germany,Website,UX,In Progress,325,307.6,1250,29448.63,431403.06,197773.83,
P0691,2026-02-03,Luma Beauty,Beauty,Sweden,E-commerce,Web,Completed,449,555.0,1125,28236.73,519715.38,183095.46,3.7
P0692,2026-07-03,Nexa Components,Manufacturing,Germany,Support & Optimization,Commerce,On Hold,76,70.4,1075,2032.95,87767.38,44678.77,
P0693,2025-05-29,Baltic Tools,Manufacturing,Sweden,Support & Optimization,Web,Completed,80,76.1,1000,6717.04,91637.37,35363.23,4.5
P0694,2026-06-15,Aurora Travel,Travel,Norway,UX & Design,UX,Completed,196,202.7,1275,15805.07,276565.2,135203.55,4.7
P0695,2025-08-09,Kite Kids,Retail,Denmark,Data & Integration,Dataflow,Completed,499,523.0,1250,23409.58,693134.36,389461.16,4.3
P0696,2025-06-07,Svea Style,Fashion,Sweden,Digital Marketing,Marketing,Completed,83,76.3,1100,9438.07,103220.76,55232.76,4.8
P0697,2026-08-18,PurePet,Pet Care,Denmark,Digital Marketing,Marketing,In Progress,42,33.2,975,5287.8,48402.29,24267.95,
P0698,2025-01-28,Kite Kids,Retail,Denmark,Website,UX,Completed,179,176.0,1100,7766.79,197432.2,93154.25,
P0699,2025-04-16,Kite Kids,Retail,Denmark,Data & Integration,Development,In Progress,211,257.1,1425,139.42,313280.06,170774.41,
P0700,2025-08-22,Peak Performance Lab,Sports,Norway,UX & Design,UX,On Hold,194,230.3,1000,20661.54,216717.94,45959.0,
P0701,2026-06-04,Baltic Tools,Manufacturing,Sweden,Data & Integration,Dataflow,Completed,209,234.4,1125,5761.19,257190.17,115808.83,4.1
P0702,2026-09-17,Medico North,Healthcare,Denmark,Digital Marketing,Marketing,Completed,89,98.2,1000,4945.89,98596.21,37973.13,4.0
P0703,2025-09-01,Loop Logistics,Logistics,Denmark,Website,UX,In Progress,285,278.5,1100,16419.09,321612.09,170956.8,
P0704,2025-06-16,Fjord Living,Furniture,Denmark,Data and Integration,Development,Completed,505,571.6,1325,45002.37,701221.25,304025.4,4.5
P0705,2025-10-23,NordHome,Retail,Denmark,E-commerce,Web,Completed,624,554.7,1150,47355.96,811023.19,487921.64,3.9
P0706,2025-10-23,Kite Kids,Retail,Denmark,Website,Web,In Progress,112,109.7,1050,0,123786.25,54785.46,
P0707,2025-08-21,Aurora Travel,Travel,Norway,AI & Automation,Innovation,Completed,175,210.1,1500,14353.91,274838.22,119267.08,3.8
P0708,2026-07-30,Luma Beauty,Beauty,Sweden,AI & Automation,Development,On Hold,260,336.4,1375,16163.76,374652.19,169733.23,
P0709,2025-12-12,Nexa Components,Manufacturing,Germany,Digital Marketing,Marketing,On Hold,85,69.7,1175,6825.96,110138.0,63098.86,
P0710,2025-01-20,Peak Performance Lab,Sports,Norway,Analytics & Dashboard,Dataflow,Completed,55,54.6,1050,4197.3,60575.32,19264.12,4.4
P0711,2025-01-22,Hanse Werk,Manufacturing,Germany,Analytics & Dashboard,Dataflow,On Hold,72,49.7,1250,5003.35,95855.59,65634.03,
P0712,2025-10-12,Svea Style,Fashion,Sweden,Digital Marketing,Marketing,On Hold,50,35.0,900,3918.88,50454.97,28970.75,
P0713,2025-08-09,Nexa Components,Manufacturing,Germany,Support & Optimization,Web,Completed,37,35.7,1050,651.64,42270.76,22916.99,4.1
P0714,2025-04-29,Hanse Werk,Manufacturing,Germany,Analytics & Dashboard,BI & Analytics,Completed,121,136.2,1075,3203.56,129754.39,38136.13,4.2
P0715,2025-03-27,VitaCare,Healthcare,Norway,E-commerce,Web,On Hold,196,99.3,1225,5343.52,259814.45,190808.2,
P0716,2025-04-26,Hanse Werk,Manufacturing,Germany,Support & Optimization,Commerce,Completed,49,47.0,1050,4222.7,57395.41,21459.91,4.4
P0717,2026-09-13,Arctic Outdoor,Retail,Norway,UX & Design,UX,Completed,101,118.1,1125,2820.67,114028.4,48153.65,3.9
P0718,2026-07-24,Medico North,Healthcare,Denmark,Website,UX,Completed,243,187.0,1225,11899.46,304127.09,200847.56,4.3
P0719,2025-11-30,Loop Logistics,Logistics,Denmark,Support & Optimization,Web,On Hold,14,11.7,925,1033.49,14209.74,5309.91,
P0720,2026-04-22,Nexa Components,Manufacturing,Germany,Support & Optimization,Commerce,In Progress,49,52.4,925,5985.43,52837.4,14206.22,
P0721,2025-04-04,Loop Logistics,Logistics,Denmark,Data & Integration,Dataflow,On Hold,139,180.3,1150,8670.8,160484.82,51046.3,
P0722,2025-04-11,NordHome,Retail,Denmark,UX & Design,UX,Completed,142,145.8,1175,7179.31,173215.02,90497.42,4.0
P0723,2026-05-26,GreenGrid,Energy,Denmark,UX & Design,UX,Completed,130,144.5,1125,10249.13,165162.34,61917.36,4.2
P0724,2026-06-05,Oak & Form,Furniture,Germany,AI & Automation,Innovation,On Hold,133,194.6,1350,9432.2,183318.13,79880.3,
P0725,2026-04-18,NorthSea Marine,Maritime,Denmark,Digital Marketing,Marketing,Completed,163,146.2,1100,7735.93,177361.82,72880.97,4.4
P0726,2026-03-18,Medico North,Healthcare,Denmark,AI & Automation,Development,In Progress,158,194.1,1250,2007.83,194604.84,96882.63,
P0727,2026-03-30,Loop Logistics,Logistics,Denmark,E-commerce,Commerce,Completed,471,335.2,1125,36312.95,582102.04,344551.59,4.3
P0728,2025-04-02,Luma Beauty,Beauty,Sweden,Support & Optimization,Commerce,Completed,15,17.6,925,1493.21,15342.58,5234.54,3.8
P0729,2025-04-19,Kite Kids,Retail,Denmark,E-commerce,Web,On Hold,275,286.3,1300,22150.88,396269.9,204911.44,
P0730,2025-12-29,Luma Beauty,Beauty,Sweden,Support & Optimization,Web,In Progress,84,104.3,1000,4721.81,87643.15,29672.6,
P0731,2025-09-13,NorthSea Marine,Maritime,Denmark,Support & Optimization,Support,Completed,23,18.1,1125,1775.67,28969.59,18282.16,4.7
P0732,2026-06-01,Loop Logistics,Logistics,Denmark,UX & Design,UX,On Hold,236,251.4,1175,14876.95,288456.0,146013.82,
P0733,2025-06-10,Harbor Hotels,Hospitality,Denmark,Data & Integration,Dataflow,Completed,294,369.5,1275,23142.11,423321.79,172842.99,3.8
P0734,2025-05-07,Kite Kids,Retail,Denmark,Website,UX,In Progress,98,89.7,1225,3779.79,119224.66,66937.54,
P0735,2026-05-21,Hanse Werk,Manufacturing,Germany,Analytics & Dashboard,Dataflow,Completed,57,64.0,1400,4326.63,81422.32,36051.63,4.3
P0736,2025-07-20,Medico North,Healthcare,Denmark,UX & Design,UX,In Progress,158,177.9,1200,16178.22,213706.77,91678.26,
P0737,2025-04-07,EcoTransit,Transport,Sweden,E-commerce,Web,Completed,448,598.9,1175,27959.06,588716.61,231778.85,2.7
P0738,2025-07-25,Nexa Components,Manufacturing,Germany,Analytics & Dashboard,BI & Analytics,On Hold,69,64.6,1025,3445.01,76055.76,42176.43,
P0739,2025-01-07,Oak & Form,Furniture,Germany,Digital Marketing,Marketing,Completed,141,122.0,1050,10293.45,155066.73,69720.29,4.9
P0740,2025-02-11,NordHome,Retail,Denmark,E-commerce,Web,Completed,644,547.1,1325,45995.52,861788.61,540991.36,
P0741,2025-06-05,Scandi Foods,Food & Beverage,Norway,Support & Optimization,Web,Completed,73,71.9,875,3016.87,69775.54,25517.56,4.7
P0742,2026-03-04,Hanse Werk,Manufacturing,Germany,UX & Design,UX,Completed,177,171.0,1100,10265.07,214713.67,104062.61,5
P0743,2026-05-26,Berg & Co.,B2B Services,Sweden,AI & Automation,Innovation,Completed,294,273.6,1525,24113.44,498898.06,305364.72,
P0744,2026-03-13,Harbor Hotels,Hospitality,Denmark,Support & Optimization,Web,Completed,28,32.1,1075,1720.15,33097.74,15430.04,3.7
P0745,2025-08-29,VitaCare,Healthcare,Norway,Website,Web,Completed,286,229.0,1125,12633.01,349372.66,216756.77,4.9
P0746,2026-01-15,Baltic Tools,Manufacturing,Sweden,UX & Design,UX,Completed,142,129.5,1275,6642.72,199391.9,117480.22,5
P0747,2025-03-22,Hanse Werk,Manufacturing,Germany,AI & Automation,Development,In Progress,139,143.3,1150,9994.09,176866.99,73746.26,
P0748,2026-03-08,Luma Beauty,Beauty,Sweden,E-commerce,Commerce,Completed,311,342.7,1325,7729.37,432657.25,231829.33,
P0749,2025-04-23,Loop Logistics,Logistics,Denmark,Data & Integration,Development,Completed,242,243.2,1375,19948.79,361348.98,176087.34,4.2
P0750,2026-06-26,GreenGrid,Energy,Denmark,UX & Design,UX,Completed,73,92.8,1125,5173.46,88383.82,36861.17,3.1
P0751,2025-03-15,Aurora Travel,Travel,Norway,AI & Automation,Innovation,Completed,183,206.3,1200,7492.7,223818.4,90968.58,4.3
P0752,2025-07-10,EcoTransit,Transport,Sweden,Analytics & Dashboard,Dataflow,On Hold,153,156.7,1225,14597.23,211075.69,107577.54,
P0753,2026-06-08,Loop Logistics,Logistics,Denmark,Data & Integration,Dataflow,Completed,430,487.8,1300,22658.66,549912.0,245327.47,4.3
P0754,2026-05-31,VitaCare,Healthcare,Norway,E-commerce,Commerce,Completed,234,167.3,1050,7674.99,267368.78,150239.36,3.9
P0755,2026-03-29,Baltic Tools,Manufacturing,Sweden,UX & Design,UX,Completed,240,305.9,1200,11518.67,307201.1,100711.76,3.6
P0756,2025-08-31,UrbanNest,Real Estate,Denmark,Website,UX,Completed,299,170.3,1150,18240.83,364552.23,259194.31,4.3
P0757,2026-06-05,PurePet,Pet Care,Denmark,Data & Integration,Development,Completed,331,402.7,1150,21929.2,426369.67,152027.85,3.0
P0758,2025-09-01,Luma Beauty,Beauty,Sweden,E-commerce,Commerce,In Progress,441,444.2,1275,32588.96,633790.29,388483.43,
P0759,2026-05-06,Kite Kids,Retail,Denmark,UX & Design,UX,In Progress,84,84.5,1100,7204.22,101636.95,37419.37,
P0760,2026-08-07,Loop Logistics,Logistics,Denmark,Website,UX,On Hold,242,217.9,1250,11408.47,301605.05,176253.88,
P0761,2025-12-05,Harbor Hotels,Hospitality,Denmark,Support & Optimization,Web,Completed,79,68.2,1100,4972.47,98516.28,59267.53,4.6
P0762,2026-08-06,Aurora Travel,Travel,Norway,Support & Optimization,Commerce,Completed,42,36.5,950,3964.17,44629.65,23046.7,4.5
P0763,2026-06-17,NordHome,Retail,Denmark,Support & Optimization,Web,Completed,48,52.6,1100,4770.33,57256.05,19561.17,4.8
P0764,2026-01-10,NorthSea Marine,Maritime,Denmark,Data & Integration,Dataflow,Completed,311,386.7,1225,20923.9,389578.05,177200.53,3.3
P0765,2026-05-16,NorthSea Marine,Maritime,Denmark,UX & Design,UX,Completed,67,51.1,1300,6505.87,94732.39,62579.65,4.8
P0766,2025-03-19,Nexa Components,Manufacturing,Germany,Analytics & Dashboard,BI & Analytics,On Hold,95,74.4,1200,2682.02,116773.2,75152.85,
P0767,2025-03-11,Harbor Hotels,Hospitality,Denmark,Data & Integration,Dataflow,Completed,152,146.7,1150,7263.37,175897.26,94209.2,4.6
P0768,2025-09-14,NordHome,Retail,Denmark,Digital Marketing,Marketing,Completed,91,91.3,1100,3812.27,107677.79,60198.75,4.5
P0769,2026-08-22,CloudCraft,Software,Denmark,Website,UX,Completed,342,312.8,1050,8013.76,367304.74,172089.67,5
P0770,2026-07-16,GreenGrid,Energy,Denmark,AI & Automation,Innovation,On Hold,111,152.4,1425,10839.91,170397.7,76661.49,
P0771,2025-02-28,NordHome,Retail,Denmark,Support & Optimization,Commerce,Completed,64,59.5,1075,6883.15,74558.44,36348.14,4.6
P0772,2026-02-08,Berg & Co.,B2B Services,Sweden,E-commerce,Commerce,Completed,373,313.7,1300,31523.14,528957.66,328270.23,4.2
P0773,2026-07-07,Scandi Foods,Food & Beverage,Norway,Data & Integration,Dataflow,Completed,169,192.5,1325,13406.05,237667.91,109871.63,3.8
P0774,2026-02-07,Berg & Co.,B2B Services,Sweden,E-commerce,Commerce,Completed,311,357.6,1300,2297.8,427349.67,183236.09,3.9
P0775,2025-12-02,Loop Logistics,Logistics,Denmark,Digital Marketing,Marketing,Completed,84,92.7,1125,10435.0,111819.81,43636.35,
P0776,2026-06-29,VitaCare,Healthcare,Norway,Data & Integration,Development,Completed,460,455.1,1450,45851.34,737358.88,409596.73,4.4
P0777,2025-11-20,NorthSea Marine,Maritime,Denmark,Digital Marketing,Marketing,On Hold,117,129.7,1000,8861.02,130516.31,54452.0,
P0778,2025-11-13,GreenGrid,Energy,Denmark,AI & Automation,Innovation,Completed,150,170.9,1225,8961.77,203681.16,111373.98,
P0779,2026-06-10,Svea Style,Fashion,Sweden,Support & Optimization,Support,Completed,58,62.0,1025,5027.06,65893.72,30232.37,4.3
P0780,2026-03-30,Fjord Living,Furniture,Denmark,UX & Design,UX,Completed,195,179.7,975,11401.87,202083.93,97826.47,5
P0781,2026-04-08,VitaCare,Healthcare,Norway,Analytics & Dashboard,Dataflow,Completed,149,146.5,1125,14116.93,184182.28,72044.74,4.6
P0782,2025-08-25,Aurora Travel,Travel,Norway,Data & Integration,Dataflow,Completed,199,238.7,1250,14488.46,247781.89,76752.92,3.8
P0783,2025-09-17,NordHome,Retail,Denmark,Website,UX,Completed,92,74.7,1150,6829.44,110711.11,65133.3,5
P0784,2025-01-10,EcoTransit,Transport,Sweden,Analytics & Dashboard,Dataflow,Completed,206,204.0,1225,16994.24,270567.74,151364.5,5
P0785,2025-05-24,CloudCraft,Software,Denmark,Analytics & Dashboard,Dataflow,Completed,165,178.6,1150,12841.54,212354.88,107071.59,
P0786,2025-12-29,Nexa Components,Manufacturing,Germany,Data & Integration,Development,On Hold,216,234.7,1325,5218.83,293134.72,170770.68,
P0787,2025-06-07,Berg & Co.,B2B Services,Sweden,Analytics & Dashboard,BI & Analytics,On Hold,188,178.1,1300,14401.17,243489.07,144650.92,
P0788,2026-01-13,Baltic Tools,Manufacturing,Sweden,Website,UX,Completed,290,282.3,1100,19333.75,342149.83,155808.93,3.7
P0789,2025-02-02,UrbanNest,Real Estate,Denmark,Website,Web,Completed,246,208.3,1200,9565.11,314683.91,193469.34,4.2
P0790,2025-05-12,Fjord Living,Furniture,Denmark,E-commerce,Web,Completed,434,586.9,1275,38909.7,618657.98,292262.78,4.1
P0791,2026-09-08,GreenGrid,Energy,Denmark,UX & Design,UX,Completed,226,252.6,1300,18365.17,309894.98,158230.06,3.9
P0792,2025-11-14,VitaCare,Healthcare,Norway,Analytics & Dashboard,BI & Analytics,In Progress,143,136.2,1300,0,197062.96,124648.85,
P0793,2026-02-25,PurePet,Pet Care,Denmark,Data and Integration,Dataflow,Completed,227,295.4,1275,8981.95,283141.28,104276.98,4.5
P0794,2025-04-29,GreenGrid,Energy,Denmark,Support & Optimization,Commerce,On Hold,56,50.1,1100,5284.0,71489.68,34150.77,
P0795,2025-10-27,Scandi Foods,Food & Beverage,Norway,Analytics & Dashboard,Dataflow,Completed,143,156.6,1250,9922.97,196768.38,111568.87,3.3
P0796,2025-06-29,VitaCare,Healthcare,Norway,Digital Marketing,Marketing,Completed,118,93.1,900,7634.4,107117.19,50404.17,4.1
P0797,2025-11-01,Luma Beauty,Beauty,Sweden,Website,Web,Completed,121,95.4,1100,9290.12,144586.57,86916.56,4.5
P0798,2026-01-28,Harbor Hotels,Hospitality,Denmark,Data & Integration,Development,Completed,162,198.2,1150,10921.6,185880.07,49482.66,3.8
P0799,2025-08-04,UrbanNest,Real Estate,Denmark,Analytics & Dashboard,Dataflow,On Hold,152,192.2,1075,13841.36,179889.2,73047.15,
P0800,2026-09-14,PurePet,Pet Care,Denmark,AI & Automation,Development,Completed,250,268.4,1250,22841.72,352999.0,147664.92,4.1
